id,conversation_id,created_at,date,time,timezone,user_id,username,name,place,tweet,language,mentions,urls,photos,replies_count,retweets_count,likes_count,hashtags,cashtags,link,retweet,quote_url,video,thumbnail,near,geo,source,user_rt_id,user_rt,retweet_id,reply_to,retweet_date,translate,trans_src,trans_dest
1628600476592898048,1628598961723564033,2023-02-23 10:39:46 SE Asia Standard Time,2023-02-23,10:39:46,+0700,1451973953392504835,hippiejkje,365‡∏ß‡∏±‡∏ô‡∏â‡∏±‡∏ô‡∏£‡∏±‡∏Å‡πÄ‡∏ó‡∏≠üíú,,@warnermusicth @jeffsaturjpg @shaunthehuman @jeffsatur ‡∏û‡∏£‡πâ‡∏≠‡∏°‡∏°‡∏≤‡∏Å‡∏Å‡∏Å‡∏Åüéâüéâ,th,"['warnermusicth', 'jeffsaturjpg', 'shaunthehuman', 'jeffsatur']",[],[],0,0,0,[],[],https://twitter.com/hippiejkje/status/1628600476592898048,,,0,,,,,,,,"{'user_id': '115317866', 'username': 'warnermusicth'}",,,,
1628600461946413056,1628600461946413056,2023-02-23 10:39:42 SE Asia Standard Time,2023-02-23,10:39:42,+0700,924542081736908800,babpt_,‡∏ö‡∏û‡∏ó,,"‡∏°‡∏µ‡∏õ‡∏£‡∏∞‡∏ä‡∏∏‡∏°‡∏û‡∏±‡∏Å‡πÄ‡∏ö‡∏£‡∏Ñ‡πÄ‡∏Ç‡πâ‡∏≤‡∏°‡∏≤‡∏≠‡∏µ‡∏Å‡∏ó‡∏µ‡∏°‡∏µ‡πÄ‡∏ó‡∏£‡∏ô‡∏á‡∏á‡πÄ‡∏•‡∏≠ 
‡∏ß‡πâ‡∏≠‡∏Ñ‡∏ô‡πâ‡∏≠‡∏á‡πÅ‡∏û‡∏ó‡∏ô‡πà‡∏≤‡∏£‡∏±‡∏Å‡∏°‡∏≤‡∏Å‡∏Å‡∏Å ü§ü

PATRICK PATTAYA VLOG
#‡πÑ‡∏Å‡∏î‡πå‡πÅ‡∏û‡∏ó‡∏£‡∏¥‡∏Ñ‡∏û‡∏≤‡πÄ‡∏ó‡∏µ‡πà‡∏¢‡∏ß‡∏û‡∏±‡∏ó‡∏¢‡∏≤
#‡πÅ‡∏û‡∏ó‡∏£‡∏¥‡∏Ñ @patrick_pppat",th,['patrick_pppat'],[],[],0,0,0,"['‡πÑ‡∏Å‡∏î‡πå‡πÅ‡∏û‡∏ó‡∏£‡∏¥‡∏Ñ‡∏û‡∏≤‡πÄ‡∏ó‡∏µ‡πà‡∏¢‡∏ß‡∏û‡∏±‡∏ó‡∏¢‡∏≤', '‡πÅ‡∏û‡∏ó‡∏£‡∏¥‡∏Ñ']",[],https://twitter.com/babpt_/status/1628600461946413056,,,0,,,,,,,,"{'user_id': None, 'username': None}",,,,
1628600436893835265,1628600436893835265,2023-02-23 10:39:36 SE Asia Standard Time,2023-02-23,10:39:36,+0700,4575735985,adorablesassss,‡πÄ‡∏•‡∏¥‡πâ‡∏ümemore,,‡∏≠‡∏¢‡∏≤‡∏Å‡∏à‡∏∞‡∏Å‡∏µ‡πâ‡∏î‡πÜ‡πÜ‡πÜ‡πÑ‡πÜ‡πÜ‡πÜ‡πÜ‡πÜ‡πÜ‡πÜ‡πÉ‡∏´‡πâ‡∏î‡∏±‡∏á‡πÑ‡∏õ‡∏ñ‡∏∂‡∏á‡πÉ‡∏à‡πÄ‡∏ó‡∏≠‚Äã‡πÅ‡∏Æ‡∏ä‡∏≤‡∏ô‡∏´‡∏•‡πà‡∏≠‡∏≠‡∏∞„Ö†„Ö† https://t.co/ImORNTJWyP,th,[],[],['https://pbs.twimg.com/media/Fpnzc_UaEAEmPU1.jpg'],0,0,0,[],[],https://twitter.com/adorablesassss/status/1628600436893835265,,,1,https://pbs.twimg.com/media/Fpnzc_UaEAEmPU1.jpg,,,,,,,"{'user_id': None, 'username': None}",,,,
1628600411211853832,1628600411211853832,2023-02-23 10:39:30 SE Asia Standard Time,2023-02-23,10:39:30,+0700,1282989205908422658,1othju4ry,2:56,,‡∏£‡∏≠‡∏≠‡∏≠‡∏£‡∏µ‡πÄ‡∏ó‡∏Ñ‡∏Ñ‡∏Ñ‡∏Ñ‡∏Ñ,th,[],[],[],0,0,0,[],[],https://twitter.com/1OthJU4RY/status/1628600411211853832,,,0,,,,,,,,"{'user_id': None, 'username': None}",,,,
1628600389103927298,1628600389103927298,2023-02-23 10:39:25 SE Asia Standard Time,2023-02-23,10:39:25,+0700,46951580,louktaan,Sugarpuffüçí,,‡∏™‡πÅ‡∏ï‡∏ô‡∏î‡∏µ‡πâ ‡∏™‡πÅ‡∏ï‡∏ô‡πÉ‡∏à ‡∏ì ‡πÄ‡∏ó‡∏≠‡∏°‡∏µ‡∏´‡∏ô‡∏≠‡∏ô,th,[],[],[],0,0,0,[],[],https://twitter.com/louktaan/status/1628600389103927298,,,0,,,,,,,,"{'user_id': None, 'username': None}",,,,
1628600388902612992,1628600388902612992,2023-02-23 10:39:25 SE Asia Standard Time,2023-02-23,10:39:25,+0700,864788958839848961,winniiebrightvc,„ÖÇ‚ì¶„Öâ‚ìì„Ñ¥‚ìù ‚âà,,@GMMTV ‡πÄ‡∏ó‡∏≠ ‡πÄ‡∏ó‡∏≠‡∏•‡∏á‡∏á‡∏≤‡∏ô‡∏¢‡∏±‡∏á‡∏≠‡∏∞‡∏Ñ‡∏∞,th,['gmmtv'],[],[],0,0,0,[],[],https://twitter.com/winniiebrightvc/status/1628600388902612992,,https://twitter.com/_opywpy_/status/1628600160392732672,0,,,,,,,,"{'user_id': '67507531', 'username': 'GMMTV'}",,,,
1628600371873710081,1628600371873710081,2023-02-23 10:39:21 SE Asia Standard Time,2023-02-23,10:39:21,+0700,1185847884496769024,salethingsale,üçësalemon.‡∏£‡∏±‡∏ö‡∏ó‡∏≥‡∏á‡∏≤‡∏ô/‡∏ñ‡∏≠‡∏î‡πÄ‡∏ó‡∏õ ‡∏ó‡∏±‡∏Å‡πÄ‡∏î‡∏°‡πÅ‡∏à‡πâ‡∏á‡∏î‡∏µ‡πÄ‡∏ó‡∏•‡∏á‡∏≤‡∏ô‡πÑ‡∏î‡πâ‡πÄ‡∏•‡∏¢,,"‡πÄ‡∏õ‡∏¥‡∏î‡∏à‡∏≠‡∏á‡∏Ñ‡∏¥‡∏ß ‡∏õ‡∏£‡∏∂‡∏Å‡∏©‡∏≤‡∏ß‡∏¥‡∏à‡∏±‡∏¢ ‡∏ó‡∏±‡∏Å‡∏°‡∏≤‡πÑ‡∏î‡πâ‡πÄ‡∏•‡∏¢‚ùóÔ∏è‚ùóÔ∏è

‡∏à‡∏∞‡∏£‡∏±‡∏ô‡∏ú‡∏• spss ‡∏≠‡∏¢‡πà‡∏≤‡∏á‡πÄ‡∏î‡∏µ‡∏¢‡∏ß ‡∏à‡∏∞‡∏ó‡∏≥‡∏ö‡∏ó‡∏ó‡∏µ‡πà 4 ‡∏´‡∏£‡∏∑‡∏≠‡∏à‡∏∞‡πÉ‡∏´‡πâ‡∏ï‡∏£‡∏ß‡∏à‡∏™‡∏≠‡∏ö‡∏Ñ‡∏ß‡∏≤‡∏°‡∏ñ‡∏π‡∏Å‡∏ï‡πâ‡∏≠‡∏á‡∏Ç‡∏≠‡∏á‡∏Å‡∏≤‡∏£‡∏£‡∏±‡∏ô‡∏ú‡∏•‡∏Å‡πá‡∏ó‡∏±‡∏Å‡πÄ‡∏Ç‡πâ‡∏≤‡∏°‡∏≤‡πÑ‡∏î‡πâ‡πÄ‡∏•‡∏¢‡∏ô‡∏∞‡∏Ñ‡∏∞

#‡∏£‡∏±‡∏ö‡∏ó‡πç‡∏≤‡∏Å‡∏≤‡∏£‡∏ö‡πâ‡∏≤‡∏ô #‡∏£‡∏±‡∏ö‡∏ó‡πç‡∏≤‡∏ß‡∏¥‡∏à‡∏±‡∏¢ #‡∏ß‡∏¥‡∏à‡∏±‡∏¢ #spss #‡∏£‡∏±‡∏ô‡∏ú‡∏•spss #‡∏£‡∏±‡∏ö‡∏ó‡∏≥‡∏ß‡∏¥‡∏à‡∏±‡∏¢‡∏£‡∏≤‡∏Ñ‡∏≤‡∏ñ‡∏π‡∏Å #‡∏£‡∏±‡∏ö‡∏ó‡πç‡∏≤‡∏Å‡∏≤‡∏£‡∏ö‡πâ‡∏≤‡∏ô‡∏°‡∏´‡∏≤‡∏•‡∏±‡∏¢ #‡∏ó‡∏µ‡∏°‡∏ö‡∏π‡∏£‡∏û‡∏≤",th,[],[],[],0,0,0,"['‡∏£‡∏±‡∏ö‡∏ó‡πç‡∏≤‡∏Å‡∏≤‡∏£‡∏ö‡πâ‡∏≤‡∏ô', '‡∏£‡∏±‡∏ö‡∏ó‡πç‡∏≤‡∏ß‡∏¥‡∏à‡∏±‡∏¢', '‡∏ß‡∏¥‡∏à‡∏±‡∏¢', 'spss', '‡∏£‡∏±‡∏ô‡∏ú‡∏•spss', '‡∏£‡∏±‡∏ö‡∏ó‡∏≥‡∏ß‡∏¥‡∏à‡∏±‡∏¢‡∏£‡∏≤‡∏Ñ‡∏≤‡∏ñ‡∏π‡∏Å', '‡∏£‡∏±‡∏ö‡∏ó‡πç‡∏≤‡∏Å‡∏≤‡∏£‡∏ö‡πâ‡∏≤‡∏ô‡∏°‡∏´‡∏≤‡∏•‡∏±‡∏¢', '‡∏ó‡∏µ‡∏°‡∏ö‡∏π‡∏£‡∏û‡∏≤']",[],https://twitter.com/salethingsale/status/1628600371873710081,,,0,,,,,,,,"{'user_id': None, 'username': None}",,,,
1628600369457827841,1628600369457827841,2023-02-23 10:39:20 SE Asia Standard Time,2023-02-23,10:39:20,+0700,747263509,hcorio,üçÉ~‡∏†‡∏≤‡∏Ñ‡∏ì‡∏±‡∏ê‡∏£‡∏¥‡∏ô‡∏ó‡∏£‡πå ‡πí‡πï‡πñ‡πñ~üïä,,‡∏û‡∏£‡∏∏‡πà‡∏á‡∏ô‡∏µ‡πâ‡πÄ‡∏•‡∏¥‡∏Å‡∏á‡∏≤‡∏ô 08:00 ‡πÄ‡∏ä‡πâ‡∏≤‡∏û‡∏≠‡∏î‡∏µ ‡∏°‡∏≤‡∏ä‡πà‡∏ß‡∏¢‡πÄ‡∏ó‡∏£‡∏ô‡πÑ‡∏î‡πâ ‡∏≠‡∏¥‡∏≠‡∏¥ üòú,th,[],[],[],0,0,0,[],[],https://twitter.com/HCORIO/status/1628600369457827841,,,0,,,,,,,,"{'user_id': None, 'username': None}",,,,
1628600352265355264,1628600352265355264,2023-02-23 10:39:16 SE Asia Standard Time,2023-02-23,10:39:16,+0700,3016524090,ilittleji,‡∏´‡∏°‡∏π‡πÇ‡∏à‡πä‡∏∞  ï ‚Ä¢·¥•‚Ä¢ î‚Å¥ ‚ô° üÖñüÖï,,"‡∏ä‡∏±‡πâ‡∏ô‡πÄ‡∏ï‡∏∑‡∏≠‡∏ô‡πÉ‡∏´‡πâ‡πÄ‡∏ó‡∏≠‡∏•‡∏ö ‡πÄ‡∏ó‡∏≠‡∏ö‡∏≠‡∏Å‡∏°‡πà‡∏≤‡∏¢‡∏•‡∏ö
‡πÄ‡∏õ‡πá‡∏ô‡πÑ‡∏á‡∏•‡πà‡∏∞ @taddythecatme",th,['taddythecatme'],[],[],0,0,0,[],[],https://twitter.com/IlittleJI/status/1628600352265355264,,,0,,,,,,,,"{'user_id': None, 'username': None}",,,,
1628600339296567296,1628600339296567296,2023-02-23 10:39:13 SE Asia Standard Time,2023-02-23,10:39:13,+0700,1185847884496769024,salethingsale,üçësalemon.‡∏£‡∏±‡∏ö‡∏ó‡∏≥‡∏á‡∏≤‡∏ô/‡∏ñ‡∏≠‡∏î‡πÄ‡∏ó‡∏õ ‡∏ó‡∏±‡∏Å‡πÄ‡∏î‡∏°‡πÅ‡∏à‡πâ‡∏á‡∏î‡∏µ‡πÄ‡∏ó‡∏•‡∏á‡∏≤‡∏ô‡πÑ‡∏î‡πâ‡πÄ‡∏•‡∏¢,,"‡∏£‡∏±‡∏ö‡∏á‡∏≤‡∏ô‡∏Å‡∏≤‡∏£‡∏ß‡∏¥‡πÄ‡∏Ñ‡∏£‡∏≤‡∏∞‡∏´‡πå ‡∏≠‡∏ò‡∏¥‡∏ö‡∏≤‡∏¢‡∏ï‡πà‡∏≤‡∏á‡πÜ‚ùóÔ∏è‚ùóÔ∏è

‡∏£‡∏±‡∏ö‡∏ó‡∏≥‡πÄ‡∏®‡∏£‡∏©‡∏ê‡∏®‡∏≤‡∏™‡∏ï‡∏£‡πå‡∏û‡∏∑‡πâ‡∏ô‡∏ê‡∏≤‡∏ô ‡∏à‡∏∏‡∏•‡∏†‡∏≤‡∏Ñ ‡∏°‡∏´‡∏†‡∏≤‡∏Ñ‡∏™‡∏≠‡∏ö‡∏ñ‡∏≤‡∏°‡∏Å‡πà‡∏≠‡∏ô‡πÑ‡∏î‡πâ‡∏ô‡∏∞‡∏Ñ‡∏∞ ‡∏ö‡∏±‡∏ç‡∏ä‡∏µ‡∏û‡∏∑‡πâ‡∏ô‡∏ê‡∏≤‡∏ô essay ‡πÄ‡∏£‡∏µ‡∏¢‡∏á‡∏Ñ‡∏ß‡∏≤‡∏° ‡∏ß‡∏¥‡∏à‡∏±‡∏¢ ‡πÉ‡∏ä‡πâ‡πÇ‡∏õ‡∏£‡πÅ‡∏Å‡∏£‡∏° spss ‡∏ó‡∏±‡∏Å‡πÑ‡∏î‡πâ‡πÄ‡∏•‡∏¢‡∏Ñ‡πà‡∏∞ ‡∏ñ‡πâ‡∏≤‡πÄ‡∏î‡∏°‡∏ï‡∏≠‡∏ö‡∏ä‡πâ‡∏≤‡πÄ‡∏°‡∏ô‡∏ä‡∏±‡πà‡∏ô‡∏°‡∏≤‡∏Å‡πà‡∏≠‡∏ô‡πÑ‡∏î‡πâ‡πÄ‡∏•‡∏¢‡∏Ñ‡πà‡∏∞ QA ‡∏†‡∏≤‡∏©‡∏µ ‡∏Å‡πá‡∏£‡∏±‡∏ö‡∏ô‡∏∞‡∏Ñ‡∏∞ #‡∏£‡∏±‡∏ö‡∏ó‡∏≥‡∏Å‡∏≤‡∏£‡∏ö‡πâ‡∏≤‡∏ô #‡∏£‡∏±‡∏ö‡∏ó‡πç‡∏≤‡∏Å‡∏≤‡∏£‡∏ö‡πâ‡∏≤‡∏ô‡∏°‡∏´‡∏≤‡∏•‡∏±‡∏¢ #‡∏ó‡∏µ‡∏°‡∏ö‡∏π‡∏£‡∏û‡∏≤ #‡∏£‡∏±‡∏ö‡∏ó‡πç‡∏≤‡∏Å‡∏≤‡∏£‡∏ö‡πâ‡∏≤‡∏ô",th,[],[],[],0,0,0,"['‡∏£‡∏±‡∏ö‡∏ó‡∏≥‡∏Å‡∏≤‡∏£‡∏ö‡πâ‡∏≤‡∏ô', '‡∏£‡∏±‡∏ö‡∏ó‡πç‡∏≤‡∏Å‡∏≤‡∏£‡∏ö‡πâ‡∏≤‡∏ô‡∏°‡∏´‡∏≤‡∏•‡∏±‡∏¢', '‡∏ó‡∏µ‡∏°‡∏ö‡∏π‡∏£‡∏û‡∏≤', '‡∏£‡∏±‡∏ö‡∏ó‡πç‡∏≤‡∏Å‡∏≤‡∏£‡∏ö‡πâ‡∏≤‡∏ô']",[],https://twitter.com/salethingsale/status/1628600339296567296,,,0,,,,,,,,"{'user_id': None, 'username': None}",,,,
1628600329423196160,1628480912743895040,2023-02-23 10:39:11 SE Asia Standard Time,2023-02-23,10:39:11,+0700,1500338248438009856,phwngthew,‡πÄ‡∏ó‡∏ß‡∏§‡∏ó‡∏ò‡∏¥‡πå ‡∏û‡πà‡∏ß‡∏á‡∏û‡∏¥‡∏ô‡∏¥‡∏à,,@Jalysohot ‡∏ï‡∏¥‡∏î‡∏ï‡πà‡∏≠‡∏¢‡∏±‡∏á‡πÑ‡∏á‡∏Ñ‡∏£‡∏±‡∏ö,th,['jalysohot'],[],[],0,0,0,[],[],https://twitter.com/PhwngThew/status/1628600329423196160,,,0,,,,,,,,"{'user_id': '1483470733020135424', 'username': 'Jalysohot'}",,,,
1628600315003154432,1628600315003154432,2023-02-23 10:39:07 SE Asia Standard Time,2023-02-23,10:39:07,+0700,1270329323119980551,ongyingniepp,Î∞ïÎãàÏóê slow,,‡∏ä‡∏≠‡∏ö‡πÄ‡∏ß‡∏•‡∏≤‡πÄ‡∏ó‡∏£‡πÄ‡∏ä‡∏≠‡∏£‡πå‡∏≠‡∏¢‡∏π‡πà‡∏Å‡∏±‡∏ö‡πÄ‡∏î‡πá‡∏Å‡∏´‡∏£‡∏∑‡∏≠‡∏Ñ‡∏∏‡∏¢‡∏Å‡∏±‡∏ö‡πÄ‡∏î‡πá‡∏Å‡∏ô‡πâ‡∏≠‡∏¢ ‡∏™‡∏±‡∏°‡∏ú‡∏±‡∏™‡∏à‡∏≤‡∏Å‡∏ô‡πâ‡∏≥‡πÄ‡∏™‡∏µ‡∏¢‡∏á‡πÑ‡∏î‡πâ‡πÄ‡∏•‡∏¢‡∏ß‡πà‡∏≤‡∏ä‡∏≠‡∏ö‡πÄ‡∏î‡πá‡∏Å ‡πÇ‡∏ó‡∏ô‡πÄ‡∏™‡∏µ‡∏¢‡∏á‡∏≠‡∏ö‡∏≠‡∏∏‡πà‡∏ô‡∏°‡∏≤‡∏Å ‡πÑ‡∏õ‡πÄ‡∏•‡∏µ‡πâ‡∏¢‡∏á‡πÄ‡∏î‡πá‡∏Å‡∏≠‡∏µ‡∏Å‡∏£‡∏≠‡∏ö‡∏°‡∏±‡πâ‡∏¢‡∏™‡∏°‡∏ö‡∏±‡∏ï‡∏¥ ‡∏≠‡∏¢‡∏≤‡∏Å‡πÄ‡∏£‡∏µ‡∏¢‡∏Å‡∏ß‡πà‡∏≤‡πÇ‡∏≠‡∏õ‡∏õ‡πâ‡∏≤ ‡πÇ‡∏≠‡∏ô‡∏µ‡πà‡∏à‡∏±‡∏á ‡∏û‡∏µ‡πà‡∏à‡πã‡∏≤ https://t.co/mx8hwDCl63,th,[],[],[],0,0,0,[],[],https://twitter.com/ongyingniepp/status/1628600315003154432,,,1,https://pbs.twimg.com/ext_tw_video_thumb/1628594329311916032/pu/img/hF6DEzuYw5TuL24-.jpg,,,,,,,"{'user_id': None, 'username': None}",,,,
1628600273567617024,1628600273567617024,2023-02-23 10:38:57 SE Asia Standard Time,2023-02-23,10:38:57,+0700,1288477045907808257,hae__chan06,‡∏¢‡∏≠‡∏î‡∏û‡∏µ‡∏£‡∏∞‡∏°‡∏¥‡∏î‡πÅ‡∏Æ‡∏ä‡∏≤‡∏ô,,‡πÄ‡∏û‡∏•‡∏á‡∏ß‡∏±‡∏¢‡∏£‡∏∏‡πà‡∏ô‡πÄ‡∏ó‡∏™‡∏î‡∏µ ü§èüèªü§èüèª https://t.co/Ct6sJFxGGV,th,[],[],['https://pbs.twimg.com/media/FpnzT93aAAMlC-5.jpg'],0,0,0,[],[],https://twitter.com/hae__chan06/status/1628600273567617024,,,1,https://pbs.twimg.com/media/FpnzT93aAAMlC-5.jpg,,,,,,,"{'user_id': None, 'username': None}",,,,
1628600259869052928,1628600259869052928,2023-02-23 10:38:54 SE Asia Standard Time,2023-02-23,10:38:54,+0700,1410841010,412_3424,„Öç„Öá,,‡πÄ‡∏≠‡∏™‡πÄ‡∏à‡πÄ‡∏à‡πâ‡∏≤‡∏û‡πà‡∏≠‡∏ô‡∏±‡∏Å‡∏à‡∏±‡∏î‡∏Ñ‡∏≠‡∏ô‡∏ä‡∏ô‡∏Ç‡∏≠‡∏á‡∏à‡∏£‡∏¥‡∏á‡πÄ‡∏î‡∏µ‡πã‡∏¢‡∏ß‡∏ä‡∏ô‡πÄ‡∏ã‡∏ö‡πÄ‡∏î‡∏µ‡πã‡∏¢‡∏ß‡∏ä‡∏ô‡πÄ‡∏ó‡∏£‡πÄ‡∏ä‡πâ‡∏≠,th,[],[],[],0,0,0,[],[],https://twitter.com/412_3424/status/1628600259869052928,,,0,,,,,,,,"{'user_id': None, 'username': None}",,,,
1628600254567436288,1628600254567436288,2023-02-23 10:38:53 SE Asia Standard Time,2023-02-23,10:38:53,+0700,1081183519768862721,bichwi_,üëà he‚Äôs so cute |üíôJeLLy,,‡πÑ‡∏°‡πà‡πÑ‡∏î‡πâ‡∏Å‡∏¥‡∏ô‡πÑ‡∏Å‡πà‡πÄ‡∏ó‡∏≠‡∏£‡∏¥‡∏¢‡∏≤‡∏Å‡∏¥‡∏ã‡∏µ‡∏û‡∏µ‡∏ô‡∏≤‡∏ô‡∏°‡∏≤‡∏Å ‡∏Ñ‡∏∑‡∏≠‡πÄ‡∏ò‡∏≠‡πÄ‡∏õ‡∏•‡∏µ‡πà‡∏¢‡∏ô‡πÑ‡∏õ‡∏°‡∏≤‡∏Å‡∏ô‡∏∞ ‡∏£‡∏™‡∏à‡∏≤‡∏á‡∏°‡∏≤‡∏Å,th,[],[],[],0,0,0,[],[],https://twitter.com/bichwi_/status/1628600254567436288,,,0,,,,,,,,"{'user_id': None, 'username': None}",,,,
1628600237794430976,1628600237794430976,2023-02-23 10:38:49 SE Asia Standard Time,2023-02-23,10:38:49,+0700,1559279861625397249,belongtofirst,Letskillthislove,,‡∏ß‡∏±‡∏ô‡∏Ñ‡∏£‡∏ö‡∏£‡∏≠‡∏ö ‡πÑ‡∏°‡πà‡∏≠‡∏ß‡∏¢‡∏û‡∏£ ‡πÑ‡∏°‡πà‡∏û‡∏¥‡∏°‡∏û‡πå‡∏≠‡∏∞‡πÑ‡∏£‡πÄ‡∏•‡∏¢ ‡πÑ‡∏°‡πà‡πÄ‡∏Ñ‡∏¢‡πÉ‡∏™‡πà‡πÉ‡∏à‡∏Ñ‡∏ß‡∏≤‡∏°‡∏£‡∏π‡πâ‡∏™‡∏∂‡∏Å‡πÅ‡∏ü‡∏ô‡∏Ñ‡∏•‡∏±‡∏ö ‡∏ú‡∏¥‡∏î‡∏´‡∏ß‡∏±‡∏á‡πÉ‡∏ô‡∏ï‡∏±‡∏ß‡πÄ‡∏ó‡∏≠‡∏°‡∏≤‡∏Å ‡πÄ‡∏Ñ‡∏¢‡∏ä‡∏≠‡∏ö‡∏°‡∏≤‡πÑ‡∏î‡πâ‡∏¢‡∏±‡∏á‡πÑ‡∏á ‡πÄ‡∏°‡∏ô‡∏Å‡∏∏‡πÄ‡∏õ‡πá‡∏ô‡∏á‡∏µ‡πâ‡∏´‡∏°‡∏î‡πÄ‡∏•‡∏¢‡∏°‡∏±‡πâ‡∏á ‡∏û‡∏µ‡πà‡∏Å‡πá‡∏Ñ‡∏ô‡∏ô‡∏∂‡∏á‡πÅ‡∏•‡πâ‡∏ß ‡∏Ñ‡∏ô‡∏ô‡∏µ‡πâ‡∏Ñ‡∏∑‡∏≠‡∏ñ‡∏≠‡∏ô‡∏ï‡∏±‡∏ß‡πÄ‡∏£‡πá‡∏ß‡∏¢‡∏±‡∏á‡∏î‡∏µ‡∏ô‡∏∞ ‡πÑ‡∏°‡πà‡∏à‡∏°‡∏õ‡∏•‡∏±‡∏Å‡πÄ‡∏õ‡πá‡∏ô‡∏Ñ‡∏ß‡∏≤‡∏¢ ‡πÄ‡∏õ‡πá‡∏ô‡∏≠‡∏≠‡∏Å‡∏ï‡∏±‡∏ß‡πÉ‡∏´‡πâ,th,[],[],[],0,0,0,[],[],https://twitter.com/belongtofirst/status/1628600237794430976,,,0,,,,,,,,"{'user_id': None, 'username': None}",,,,
1628600231318421504,1628600231318421504,2023-02-23 10:38:47 SE Asia Standard Time,2023-02-23,10:38:47,+0700,1543084343404347392,ppl0310,ppl0310,,‡∏ï‡∏≠‡∏ô‡∏ô‡∏µ‡πâ‡∏°‡∏±‡∏ô‡πÄ‡∏´‡∏°‡∏∑‡∏≠‡∏ô‡πÄ‡∏õ‡πá‡∏ô‡πÄ‡∏ó‡∏£‡∏ô‡∏î‡πå‡πÄ‡∏´‡∏£‡∏≠ ‡∏ó‡∏µ‡πà‡∏ï‡πâ‡∏≠‡∏á‡∏°‡∏µ‡∏ó‡∏≥‡πÅ‡∏ö‡∏£‡∏ô‡∏î‡πå‡πÄ‡∏õ‡πá‡∏ô‡∏Ç‡∏≠‡∏á‡∏ï‡∏±‡∏ß‡πÄ‡∏≠‡∏á‡∏≠‡∏∞,th,[],[],[],0,0,0,[],[],https://twitter.com/ppl0310/status/1628600231318421504,,,0,,,,,,,,"{'user_id': None, 'username': None}",,,,
1628600215736569856,1628600215736569856,2023-02-23 10:38:44 SE Asia Standard Time,2023-02-23,10:38:44,+0700,2532360218,thaich8news,‡∏Ç‡πà‡∏≤‡∏ß‡∏ä‡πà‡∏≠‡∏á8,,"‡∏•‡∏π‡∏Å‡∏Ñ‡πâ‡∏≤‡∏ã‡πâ‡∏≥‡πÉ‡∏à ‡∏à‡πà‡∏≤‡∏¢‡πÄ‡∏á‡∏¥‡∏ô‡∏™‡∏î‡∏ã‡∏∑‡πâ‡∏≠‡∏£‡∏ñ‡∏õ‡πâ‡∏≤‡∏¢‡πÅ‡∏î‡∏á ‡πÄ‡∏à‡∏≠‡πÄ‡∏ã‡∏•‡∏•‡πå‡∏´‡∏•‡∏≠‡∏Å‡∏Ç‡∏≤‡∏¢‡∏ï‡∏±‡∏ß‡πÄ‡∏ó‡∏™‡∏ï‡πå‡πÑ‡∏î‡∏£‡∏ü‡πå

‡∏≠‡πà‡∏≤‡∏ô‡∏ï‡πà‡∏≠ : https://t.co/z75rJ2bivu

#‡∏Ç‡πà‡∏≤‡∏ß‡∏ä‡πà‡∏≠‡∏á8 #‡∏Ç‡πà‡∏≤‡∏ß‡∏≠‡∏≠‡∏ô‡πÑ‡∏•‡∏ô‡πå‡∏ä‡πà‡∏≠‡∏á8 
#‡∏£‡∏ñ‡∏õ‡πâ‡∏≤‡∏¢‡πÅ‡∏î‡∏á #‡∏£‡∏ñ‡πÄ‡∏ó‡∏™‡∏ï‡πå‡πÑ‡∏î‡∏£‡∏ü‡πå
#‡∏´‡∏•‡∏≠‡∏Å‡∏Ç‡∏≤‡∏¢‡∏£‡∏ñ #‡∏£‡∏ñTestdrive",th,[],['https://www.thaich8.com/news_detail/120058'],[],0,0,0,"['‡∏Ç‡πà‡∏≤‡∏ß‡∏ä‡πà‡∏≠‡∏á8', '‡∏Ç‡πà‡∏≤‡∏ß‡∏≠‡∏≠‡∏ô‡πÑ‡∏•‡∏ô‡πå‡∏ä‡πà‡∏≠‡∏á8', '‡∏£‡∏ñ‡∏õ‡πâ‡∏≤‡∏¢‡πÅ‡∏î‡∏á', '‡∏£‡∏ñ‡πÄ‡∏ó‡∏™‡∏ï‡πå‡πÑ‡∏î‡∏£‡∏ü‡πå', '‡∏´‡∏•‡∏≠‡∏Å‡∏Ç‡∏≤‡∏¢‡∏£‡∏ñ', '‡∏£‡∏ñtestdrive']",[],https://twitter.com/thaich8news/status/1628600215736569856,,,0,,,,,,,,"{'user_id': None, 'username': None}",,,,
1628600212506943490,1628600212506943490,2023-02-23 10:38:43 SE Asia Standard Time,2023-02-23,10:38:43,+0700,1594821568881754112,bm88016698,Namingüé¶,,"‡∏≠‡∏≤‡∏Å‡∏≤‡∏®‡∏î‡∏µ‡πÜ‡∏Ñ‡∏¥‡∏ß‡∏ß‡πà‡∏≤‡∏á‡∏Ñ‡πà‡∏∞‡∏°‡∏≤‡πÄ‡∏õ‡∏¥‡∏î‡∏Ñ‡∏≠‡∏•‡∏Å‡∏±‡∏ô‡∏á‡∏≤‡∏ô‡∏î‡∏µ‡∏ï‡∏£‡∏á‡∏õ‡∏Åüíó
(‡πÄ‡∏£‡∏ó‡πÄ‡∏ö‡∏≤‡πÜ‡∏£‡∏µ‡∏ß‡∏¥‡∏ß‡πÄ‡∏û‡∏µ‡∏¢‡∏ö‡πÄ‡∏ó‡∏™‡∏ï‡∏±‡∏ß‡∏à‡∏£‡∏¥‡∏á‡πÑ‡∏î‡πâ‡∏Ñ‡πà‡∏∞)
#‡∏Ñ‡∏≠‡∏•‡πÄ‡∏™‡∏µ‡∏¢‡∏ß #‡πÄ‡∏á‡∏µ‡πà‡∏¢‡∏ô #‡πÄ‡∏õ‡∏¥‡∏î‡∏Å‡∏•‡πâ‡∏≠‡∏á‡πÄ‡∏™‡∏µ‡∏¢‡∏ß
#‡πÄ‡∏á‡∏µ‡πà‡∏¢‡∏ô‡∏´‡∏µ‡πÄ‡πÄ‡∏â‡∏∞
Line : ingingsuay122
‚¨áÔ∏è
https://t.co/fgpeVPZ9MT",th,[],['http://line.me/ti/p/RiWvoRa20H'],[],0,0,0,"['‡∏Ñ‡∏≠‡∏•‡πÄ‡∏™‡∏µ‡∏¢‡∏ß', '‡πÄ‡∏á‡∏µ‡πà‡∏¢‡∏ô', '‡πÄ‡∏õ‡∏¥‡∏î‡∏Å‡∏•‡πâ‡∏≠‡∏á‡πÄ‡∏™‡∏µ‡∏¢‡∏ß', '‡πÄ‡∏á‡∏µ‡πà‡∏¢‡∏ô‡∏´‡∏µ‡πÄ‡πÄ‡∏â‡∏∞']",[],https://twitter.com/bm88016698/status/1628600212506943490,,,0,,,,,,,,"{'user_id': None, 'username': None}",,,,
1628600185390788609,1628600185390788609,2023-02-23 10:38:36 SE Asia Standard Time,2023-02-23,10:38:36,+0700,1599217797627711488,aakaak26984308,K.kungnoyüåª ft üíìüíìüå≥üå≥üå≥,,"‡πÄ‡∏ó‡∏≠‡∏Ñ‡∏∑‡∏≠‡∏£‡∏≠‡∏¢‡∏¢‡∏¥‡πâ‡∏°‡∏Ñ‡∏∑‡∏≠‡∏Ñ‡∏ß‡∏≤‡∏°‡∏™‡∏∏‡∏Ç‡∏Ñ‡∏∑‡∏≠‡∏Ñ‡∏ß‡∏≤‡∏°‡∏™‡∏°‡∏ö‡∏π‡∏£‡∏ì‡πå‡πÅ‡∏ö‡∏ö‡∏Ç‡∏≠‡∏á‡πÄ‡∏£‡∏≤‡∏ñ‡∏∂‡∏á‡πÅ‡∏°‡πâ‡∏à‡∏∞‡πÄ‡∏´‡πá‡∏ô‡πÄ‡∏ó‡∏≠‡∏ú‡πà‡∏≤‡∏ô‡πÅ‡∏Ñ‡πà‡∏´‡∏ô‡πâ‡∏≤‡∏à‡∏≠‡πÅ‡∏ï‡πà‡∏Ñ‡∏∏‡∏ì‡∏Ñ‡∏∑‡∏≠‡∏®‡∏¥‡∏•‡∏õ‡∏¥‡∏ô‡∏Ñ‡∏ô‡πÅ‡∏£‡∏Å‡∏ó‡∏µ‡πà‡πÄ‡∏£‡∏≤‡∏£‡∏±‡∏Å‡πÅ‡∏•‡∏∞‡∏à‡∏∞‡∏Ñ‡∏≠‡∏¢‡∏≠‡∏¢‡∏π‡πà‡∏ã‡∏±‡∏û‡∏û‡∏≠‡∏£‡πå‡∏ï‡πÅ‡∏ö‡∏ö‡∏ô‡∏µ‡πâ‡πÑ‡∏õ‡πÄ‡∏£‡∏∑‡πà‡∏≠‡∏¢‡πÜ‡∏ô‡∏∞‡∏Ñ‡∏£‡∏±‡∏ö
‡πÄ‡∏°‡∏∑‡πà‡∏≠‡πÑ‡∏´‡∏£‡πà‡∏à‡∏∞‡∏°‡∏µ‡∏á‡∏≤‡∏ô‡∏≠‡∏µ‡∏Å‡∏ô‡∏∞‡∏≠‡∏¢‡∏≤‡∏Å‡πÄ‡∏´‡πá‡∏ô‡∏ö‡∏£‡∏£‡∏¢‡∏≤‡∏Å‡∏≤‡∏®‡∏ó‡∏µ‡πà‡∏û‡∏µ‡πà‡πÜ‡πÄ‡∏Ç‡∏≤‡∏ñ‡πà‡∏≤‡∏¢‡∏£‡∏π‡∏õ‡πÅ‡∏ö‡πà‡∏á‡∏õ‡∏±‡∏ô‡∏Ñ‡∏ß‡∏≤‡∏°‡∏ô‡πà‡∏≤‡∏£‡∏±‡∏Å‡∏Ç‡∏≠‡∏á‡πÄ‡∏ó‡∏≠‡∏°‡∏≤‡πÉ‡∏´‡πâ‡∏î‡∏π‡πÅ‡∏•‡πâ‡∏ß
#‡∏ï‡πâ‡∏ô‡∏£‡∏±‡∏Å‡∏Ç‡∏≠‡∏á‡∏®‡∏£‡∏±‡∏ì‡∏ç‡πå
#mytonsrn
@mytonsrn https://t.co/9oFHeZygsT",th,['mytonsrn'],[],['https://pbs.twimg.com/media/FpnzO2RaYAECoDj.jpg'],0,0,0,"['‡∏ï‡πâ‡∏ô‡∏£‡∏±‡∏Å‡∏Ç‡∏≠‡∏á‡∏®‡∏£‡∏±‡∏ì‡∏ç‡πå', 'mytonsrn']",[],https://twitter.com/AakAak26984308/status/1628600185390788609,,,1,https://pbs.twimg.com/media/FpnzO2RaYAECoDj.jpg,,,,,,,"{'user_id': None, 'username': None}",,,,
1628600172547809282,1628600172547809282,2023-02-23 10:38:33 SE Asia Standard Time,2023-02-23,10:38:33,+0700,1550521847539646464,bxrmxrmine,ü•ÇLŒ±‘É·Éß B…±Œπ…≥“Ω„ÉüÀª·µí‚ô°ÕÆ·µâ,,"‡∏Ñ‡∏∏‡∏ì‡∏Ñ‡∏≠‡∏™‡πÇ‡∏°‡πà‡∏ä‡∏ß‡∏ô‡∏°‡∏≤‡πÄ‡∏•‡∏∑‡∏≠‡∏Å‡πÅ‡∏ú‡πà‡∏ô‡πÄ‡∏™‡∏µ‡∏¢‡∏á‡πÄ‡∏û‡∏£‡∏≤‡∏∞‡∏û‡∏∂‡πà‡∏á‡∏ã‡∏∑‡πâ‡∏≠‡πÄ‡∏ó‡∏¥‡∏£‡πå‡∏ô‡πÄ‡∏ó‡πÄ‡∏ö‡∏¥‡πà‡∏•‡∏°‡∏≤ ‡πÅ‡∏ï‡πà‡∏Ñ‡∏∏‡∏ì‡∏Ñ‡∏≠‡∏™‡πÇ‡∏°‡πà‡∏ä‡∏≠‡∏ö‡∏ü‡∏±‡∏á‡πÄ‡∏û‡∏•‡∏á‡πÅ‡∏ô‡∏ß‡πÑ‡∏´‡∏ô‡πÄ‡∏Ñ‡πâ‡∏≤‡∏à‡∏∞‡πÑ‡∏î‡πâ‡∏ä‡πà‡∏ß‡∏¢‡πÄ‡∏•‡∏∑‡∏≠‡∏Å‡∏Å

With ; @8STCOSMO https://t.co/ta3je72DCd",th,['8stcosmo'],[],['https://pbs.twimg.com/media/FpnzOQzagAAqDcj.jpg'],0,0,0,[],[],https://twitter.com/BXRMXRMINE/status/1628600172547809282,,,1,https://pbs.twimg.com/media/FpnzOQzagAAqDcj.jpg,,,,,,,"{'user_id': None, 'username': None}",,,,
1628600136652959745,1628600136652959745,2023-02-23 10:38:25 SE Asia Standard Time,2023-02-23,10:38:25,+0700,1262263958242603009,mifangyue_,ùôõùôñÃàùô£ùôúùôÆùô™ùôö ‚Äß‚Çä üêãü´ß ‚Äß Àö ft. bjyx ‚Çä¬∑‚ÄîÃ≥ÕüÕûÕû‚ô°,,"‡∏û‡∏∏‡∏î‡πÇ‡∏ò‡∏ó‡∏≥‡πÇ‡∏°‡∏™‡∏±‡∏á‡πÇ‡∏Ñ‡πâ ‡∏ô‡πà‡∏≤‡∏£‡∏±‡∏Å‡∏Ñ‡∏±‡∏ö‡πÄ‡∏ó‡∏≠‡∏Ñ‡∏±‡∏ö‡πÇ‡∏≠‡πâ‡∏¢‡∏¢‡∏¢‡∏¢‡∏¢‡∏¢‡∏¢‡∏ô‡πà‡∏≤‡∏£‡∏±‡∏Å‡∏°‡∏≤‡∏Å‡πÜ‡πÜ‡πÜ‡πÜ‡πÜ‡πÜ‡πÜ‡πÜ‡πÜ‡∏Ñ‡∏™‡∏Ç‡∏Ç‡∏≠‡∏á‡πÇ‡∏•‡∏Å‡πÉ‡∏ö‡∏ô‡∏µ‡πâ ‡πÄ‡∏≠‡∏≤‡∏´‡∏ô‡πâ‡∏≤‡∏°‡πâ‡∏≤‡∏•‡∏á‡πÅ‡∏ö‡∏ö‡∏ô‡πà‡∏≤‡∏£‡∏±‡∏Å‡∏Ñ‡πâ‡∏î‡πÜ‡πÜ‡πÜ ‡∏≠‡∏¢‡∏π‡πà‡πÑ‡∏°‡πà‡πÑ‡∏î‡πâ‡πÅ‡∏•‡πâ‡∏ß‡∏ß‡∏ß üò≠üò≠üò≠üò≠üò≠üò≠üò≠üò≠üò≠üò≠üò≠üò≠üò≠üò≠üò≠üò≠üò≠üò≠üò≠üò≠üò≠

#XiaoZhan 
#TodsFW23
#XiaoZhanxTodsFW23
#XiaoZhanReadyForTods https://t.co/dvFtbithy3",th,[],[],"['https://pbs.twimg.com/media/FpnzL8uaQAA2SFn.jpg', 'https://pbs.twimg.com/media/FpnzL8pagAATHhs.jpg', 'https://pbs.twimg.com/media/FpnzL8taAAAH0WA.jpg', 'https://pbs.twimg.com/media/FpnzL8qaMAAN-AU.jpg']",0,0,0,"['xiaozhan', 'todsfw23', 'xiaozhanxtodsfw23', 'xiaozhanreadyfortods']",[],https://twitter.com/mifangyue_/status/1628600136652959745,,,1,https://pbs.twimg.com/media/FpnzL8uaQAA2SFn.jpg,,,,,,,"{'user_id': None, 'username': None}",,,,
1628600073121853441,1628600073121853441,2023-02-23 10:38:10 SE Asia Standard Time,2023-02-23,10:38:10,+0700,1610564131291279363,smilelyii2,‡∏°‡∏≤‡∏¢‡πÅ‡∏ã‡πà‡∏ö‡∏Ñ‡∏≠‡∏•‡πÄ‡∏™‡∏µ‡∏¢‡∏ß‡πÄ‡∏´‡∏ô‡∏´‡∏ô‡πâ‡∏≤,,"üåü‡∏ï‡∏≠‡∏ô‡∏ô‡∏µ‡πâ!‡∏Ñ‡∏¥‡∏ß‡∏ß‡πà‡∏≤‡∏á ‡∏£‡∏±‡∏ö‡∏Ñ‡∏≠‡∏•‡πÄ‡∏™‡∏µ‡∏¢‡∏ß‡∏≠‡∏¢‡∏∏‡πà‡∏ô‡πä‡∏≤
üåü ‡πÄ‡∏á‡∏µ‡πà‡∏¢‡∏ô ‡∏≠‡∏∞; ‡∏û‡∏µ‡πà‡∏Ç‡∏≤‡∏≤‡∏≤üí¶üëÖ
üëÖ‡∏Ñ‡∏≠‡∏•‡πÄ‡∏™‡∏µ‡∏¢‡∏ß‡πÄ‡∏´‡∏ô‡∏´‡∏ô‡πâ‡∏≤ ‡πÑ‡∏°‡πà‡∏°‡∏µ‡∏õ‡∏∞‡∏Å‡∏±‡∏ô‡∏ô 
 #‡∏Ñ‡∏≠‡∏•‡πÄ‡∏™‡∏µ‡∏¢‡∏ß #‡πÄ‡∏á‡∏µ‡πà‡∏¢‡∏ô‡∏´‡∏µ #‡∏Ñ‡∏∏‡∏¢‡πÄ‡∏™‡∏µ‡∏¢‡∏ß #‡∏Ñ‡∏£‡∏≤‡∏á‡πÄ‡∏™‡∏µ‡∏¢‡∏ß ‡∏™‡∏ô‡πÉ‡∏àüëâüèªID mild_zap | ü§§ ‡∏£‡∏µ‡∏ß‡∏¥‡∏ß ‡∏Ç‡πâ‡∏≤‡∏á‡∏•‡πà‡∏≤‡∏á‡πÄ‡∏•‡∏¢‡∏Ñ‡πà‡∏∞ ‡∏û‡∏µ‡πà‡πÜ ^^‚ù§Ô∏è- ‡∏ô‡∏≠‡∏ô‡πÑ‡∏ß‡∏ô‡∏∞‡πÄ‡∏ó‡∏≠ 10:36",th,[],[],[],1,0,0,"['‡∏Ñ‡∏≠‡∏•‡πÄ‡∏™‡∏µ‡∏¢‡∏ß', '‡πÄ‡∏á‡∏µ‡πà‡∏¢‡∏ô‡∏´‡∏µ', '‡∏Ñ‡∏∏‡∏¢‡πÄ‡∏™‡∏µ‡∏¢‡∏ß', '‡∏Ñ‡∏£‡∏≤‡∏á‡πÄ‡∏™‡∏µ‡∏¢‡∏ß']",[],https://twitter.com/Smilelyii2/status/1628600073121853441,,https://twitter.com/bebemildd/status/1613567548548874241,0,,,,,,,,"{'user_id': None, 'username': None}",,,,
1628600062099042305,1628600062099042305,2023-02-23 10:38:07 SE Asia Standard Time,2023-02-23,10:38:07,+0700,980102281356967941,pornsibpad,( ‡∏Ñ‡∏¥‡∏î‡∏ñ‡∏∂‡∏á‡πÄ‡∏°‡∏µ‡∏¢‡∏¢‡∏¢! )‡πÄ‡∏ó‡πÄ‡∏•‡∏ó‡∏±‡∏ö‡∏ö‡∏µ‡πâ‡∏°‡∏µ‡∏û‡∏≠‡∏£‡πå‡∏ô‡∏™‡∏ß‡∏£‡∏£‡∏Ñ‡πå,,‡∏Å‡∏•‡∏±‡∏ö‡πÑ‡∏õ‡πÅ‡∏ï‡πà‡∏á‡∏ô‡∏¥‡∏¢‡∏≤‡∏¢‡πÑ‡∏î‡πâ‡πÅ‡∏•‡πâ‡∏ß ‡∏ô‡πâ‡∏≠‡∏á‡∏à‡∏≠‡∏¢‡∏Ñ‡∏∏‡∏ì‡πÅ‡∏ã‡∏ô‡∏î‡πå‡∏£‡∏≠‡∏à‡∏µ‡∏ö‡∏Å‡∏±‡∏ô‡∏≠‡∏¢‡∏π‡πà,th,[],[],[],0,0,0,[],[],https://twitter.com/pornsibpad/status/1628600062099042305,,,0,,,,,,,,"{'user_id': None, 'username': None}",,,,
1628600055333785600,1628600055333785600,2023-02-23 10:38:05 SE Asia Standard Time,2023-02-23,10:38:05,+0700,1610564131291279363,smilelyii2,‡∏°‡∏≤‡∏¢‡πÅ‡∏ã‡πà‡∏ö‡∏Ñ‡∏≠‡∏•‡πÄ‡∏™‡∏µ‡∏¢‡∏ß‡πÄ‡∏´‡∏ô‡∏´‡∏ô‡πâ‡∏≤,,"üåü‡∏ï‡∏≠‡∏ô‡∏ô‡∏µ‡πâ!‡∏Ñ‡∏¥‡∏ß‡∏ß‡πà‡∏≤‡∏á ‡∏£‡∏±‡∏ö‡∏Ñ‡∏≠‡∏•‡πÄ‡∏™‡∏µ‡∏¢‡∏ß‡∏≠‡∏¢‡∏∏‡πà‡∏ô‡πä‡∏≤
üåü ‡πÄ‡∏á‡∏µ‡πà‡∏¢‡∏ô ‡∏≠‡∏∞; ‡∏û‡∏µ‡πà‡∏Ç‡∏≤‡∏≤‡∏≤üí¶üëÖ
üëÖ‡∏Ñ‡∏≠‡∏•‡πÄ‡∏™‡∏µ‡∏¢‡∏ß‡πÄ‡∏´‡∏ô‡∏´‡∏ô‡πâ‡∏≤ ‡πÑ‡∏°‡πà‡∏°‡∏µ‡∏õ‡∏∞‡∏Å‡∏±‡∏ô‡∏ô 
 #‡∏Ñ‡∏≠‡∏•‡πÄ‡∏™‡∏µ‡∏¢‡∏ß #‡πÄ‡∏á‡∏µ‡πà‡∏¢‡∏ô‡∏´‡∏µ #‡∏Ñ‡∏∏‡∏¢‡πÄ‡∏™‡∏µ‡∏¢‡∏ß #‡∏Ñ‡∏£‡∏≤‡∏á‡πÄ‡∏™‡∏µ‡∏¢‡∏ß ‡∏™‡∏ô‡πÉ‡∏àüëâüèªID mild_zap | ü§§ ‡∏£‡∏µ‡∏ß‡∏¥‡∏ß ‡∏Ç‡πâ‡∏≤‡∏á‡∏•‡πà‡∏≤‡∏á‡πÄ‡∏•‡∏¢‡∏Ñ‡πà‡∏∞ ‡∏û‡∏µ‡πà‡πÜ ^^‚ù§Ô∏è- ‡∏ô‡∏≠‡∏ô‡πÑ‡∏ß‡∏ô‡∏∞‡πÄ‡∏ó‡∏≠ 10:35",th,[],[],[],0,0,0,"['‡∏Ñ‡∏≠‡∏•‡πÄ‡∏™‡∏µ‡∏¢‡∏ß', '‡πÄ‡∏á‡∏µ‡πà‡∏¢‡∏ô‡∏´‡∏µ', '‡∏Ñ‡∏∏‡∏¢‡πÄ‡∏™‡∏µ‡∏¢‡∏ß', '‡∏Ñ‡∏£‡∏≤‡∏á‡πÄ‡∏™‡∏µ‡∏¢‡∏ß']",[],https://twitter.com/Smilelyii2/status/1628600055333785600,,https://twitter.com/bebemildd/status/1624084444431929345,0,,,,,,,,"{'user_id': None, 'username': None}",,,,
1628600052670427136,1628600052670427136,2023-02-23 10:38:05 SE Asia Standard Time,2023-02-23,10:38:05,+0700,3158474708,920506kiki,(„Å£‚óî‚ó°‚óî)„Å£‚ô°N‚ô°NG‚òÜ,,‡∏ñ‡πâ‡∏≤‡∏Å‡∏î‡∏ö‡∏±‡∏ï‡∏£‡πÑ‡∏î‡πâ‡∏Å‡πá‡∏Ñ‡∏∑‡∏≠‡πÑ‡∏°‡πà‡πÑ‡∏õ outing trip ‡∏ö‡∏£‡∏¥‡∏©‡∏±‡∏ó‡∏ô‡∏∞ ‡πÄ‡∏ó555555,th,[],[],[],0,0,0,[],[],https://twitter.com/920506kiki/status/1628600052670427136,,,0,,,,,,,,"{'user_id': None, 'username': None}",,,,
1628600043581345792,1628592262094655490,2023-02-23 10:38:02 SE Asia Standard Time,2023-02-23,10:38:02,+0700,575037323,cookiehanni_hae,‡•±‡¨≥Õò‚ó°ÃéÔπíùóñùóºùóºùó∏ùó∂ùó≤ùóµùóÆùóªùóªùó∂-,,@HOSHIBECUTE ‡∏à‡∏∞‡πÅ‡∏Å‡∏•‡πâ‡∏á‡πÑ‡∏°‡πà‡∏ö‡∏≠‡∏Å‡∏Å‡πá‡πÑ‡∏°‡πà‡πÑ‡∏î‡πâ ‡∏ï‡∏µ‡πâ ‡∏û‡∏à‡∏Æ carat land ‡∏ä‡∏±‡πâ‡∏ô‡∏≠‡∏¢‡∏π‡πà‡∏Å‡∏±‡∏ö‡πÄ‡∏ó‡∏≠555555555555,th,['hoshibecute'],[],[],0,0,0,[],[],https://twitter.com/cookiehanni_hae/status/1628600043581345792,,,0,,,,,,,,"{'user_id': '358017384', 'username': 'HOSHIBECUTE'}",,,,
1628599988363354112,1628599988363354112,2023-02-23 10:37:49 SE Asia Standard Time,2023-02-23,10:37:49,+0700,1567824455610802176,mpmpmp96,MP‚ú® ‡πÄ‡∏ó‡∏£‡∏ô‡πÅ‡∏û‡∏ó‡∏£‡∏¥‡∏Ñ V3,,"‡∏ô‡πà‡∏≤‡∏£‡∏±‡∏Å‡∏°‡∏≤‡∏Å‡∏Å‡∏Å

PATRICK PATTAYA VLOG
#‡πÑ‡∏Å‡∏î‡πå‡πÅ‡∏û‡∏ó‡∏£‡∏¥‡∏Ñ‡∏û‡∏≤‡πÄ‡∏ó‡∏µ‡πà‡∏¢‡∏ß‡∏û‡∏±‡∏ó‡∏¢‡∏≤
#‡πÅ‡∏û‡∏ó‡∏£‡∏¥‡∏Ñ @patrick_pppat",tl,['patrick_pppat'],[],[],0,0,0,"['‡πÑ‡∏Å‡∏î‡πå‡πÅ‡∏û‡∏ó‡∏£‡∏¥‡∏Ñ‡∏û‡∏≤‡πÄ‡∏ó‡∏µ‡πà‡∏¢‡∏ß‡∏û‡∏±‡∏ó‡∏¢‡∏≤', '‡πÅ‡∏û‡∏ó‡∏£‡∏¥‡∏Ñ']",[],https://twitter.com/MPMPMP96/status/1628599988363354112,,https://twitter.com/patrick_thfc/status/1628599763078909954,0,,,,,,,,"{'user_id': None, 'username': None}",,,,
1628599987205722112,1628599987205722112,2023-02-23 10:37:49 SE Asia Standard Time,2023-02-23,10:37:49,+0700,733871500436987909,ppd_sz,üë±üèª‚Äç‚ôÄÔ∏è‡∏û‡∏µ‡πà‡∏Ñ‡∏ô‡∏™‡∏ß‡∏¢ ‡∏£‡∏±‡∏ö‡∏Å‡∏î‡∏ö‡∏±‡∏ï‡∏£/‡∏ù‡∏≤‡∏Å‡∏õ‡∏•‡πà‡∏≠‡∏¢‡∏ö‡∏±‡∏ï‡∏£/‡∏´‡∏≤‡∏ö‡∏±‡∏ï‡∏£,,‡πÄ‡∏Ñ‡∏¢‡∏Ñ‡∏¥‡∏î‡∏ß‡πà‡∏≤ ‡πÅ‡∏ü‡∏ô‡∏≠‡∏¥‡∏ô‡πÄ‡∏ï‡∏≠‡∏£‡πå‡∏ô‡∏±‡∏î‡πÅ‡∏•‡πâ‡∏ß‡πÑ‡∏°‡πà‡∏Ñ‡πà‡∏≠‡∏¢‡πÄ‡∏ó‡πÄ‡∏´‡∏°‡∏∑‡∏≠‡∏ô‡πÅ‡∏ü‡∏ô‡πÑ‡∏ó‡∏¢ ‡πÅ‡∏ï‡πà‡∏ß‡∏±‡∏ô‡∏ô‡∏µ‡πâ‡∏Ñ‡∏¥‡∏î‡∏ú‡∏¥‡∏î 55555555.,th,[],[],[],0,0,0,[],[],https://twitter.com/PPd_Sz/status/1628599987205722112,,,0,,,,,,,,"{'user_id': None, 'username': None}",,,,
1628599965361790979,1628599965361790979,2023-02-23 10:37:44 SE Asia Standard Time,2023-02-23,10:37:44,+0700,1455743508380147712,xiaoggii,ùöôùöôùöäùöù6D*.üê∞üê∂ÔΩ°*ÔΩ•,,"‡∏Æ‡∏∑‡∏≠‡∏ô‡πà‡∏≤‡∏£‡∏±‡∏Å‡∏ó‡∏±‡πâ‡∏áVlog ‡πÅ‡∏ï‡πà‡πÅ‡∏≠‡∏ö‡∏°‡∏≤‡πÄ‡∏ó‡∏£‡∏ô‡∏î‡πå‡∏Æ‡∏∑‡∏≠‡∏≠‡∏≠‡∏≠‡∏¢‡∏≤‡∏Å‡∏î‡∏π
PATRICK PATTAYA VLOG
#‡πÑ‡∏Å‡∏î‡πå‡πÅ‡∏û‡∏ó‡∏£‡∏¥‡∏Ñ‡∏û‡∏≤‡πÄ‡∏ó‡∏µ‡πà‡∏¢‡∏ß‡∏û‡∏±‡∏ó‡∏¢‡∏≤
#‡πÅ‡∏û‡∏ó‡∏£‡∏¥‡∏Ñ @patrick_pppat https://t.co/RhfPuZ1SX4",th,['patrick_pppat'],[],"['https://pbs.twimg.com/media/FpnzAPIaUAYqeiZ.jpg', 'https://pbs.twimg.com/media/FpnzA45aQAAEX3u.jpg', 'https://pbs.twimg.com/media/FpnzCMPacAAuaiF.jpg']",0,0,0,"['‡πÑ‡∏Å‡∏î‡πå‡πÅ‡∏û‡∏ó‡∏£‡∏¥‡∏Ñ‡∏û‡∏≤‡πÄ‡∏ó‡∏µ‡πà‡∏¢‡∏ß‡∏û‡∏±‡∏ó‡∏¢‡∏≤', '‡πÅ‡∏û‡∏ó‡∏£‡∏¥‡∏Ñ']",[],https://twitter.com/xiaoggii/status/1628599965361790979,,,1,https://pbs.twimg.com/media/FpnzAPIaUAYqeiZ.jpg,,,,,,,"{'user_id': None, 'username': None}",,,,
1628599961746280448,1628599961746280448,2023-02-23 10:37:43 SE Asia Standard Time,2023-02-23,10:37:43,+0700,1402665890328453121,immoomod,‡∏Ñ‡∏¥‡∏î‡∏ñ‡∏∂‡∏á‡∏à‡∏¥‡∏ô‡∏¢‡∏≠‡∏á‡πÅ‡∏•‡πâ‡∏ß,,"‡∏â‡∏±‡∏ô‡∏Ñ‡∏¥‡∏î‡∏ñ‡∏∂‡∏á‡πÄ‡∏ó‡∏≠‡∏≠‡∏µ‡∏Å‡πÅ‡∏•‡πâ‡∏ß ‡∏â‡∏±‡∏ô‡∏Ñ‡∏¥‡∏î‡∏ñ‡∏∂‡∏á‡πÄ‡∏ó‡∏≠‡∏à‡∏±‡∏á  @JINYOUNG ‡∏Å‡∏•‡∏±‡∏ö‡∏°‡∏≤‡∏°‡∏≠‡∏á‡∏ï‡∏≤‡∏ä‡∏±‡πâ‡∏ô‡∏≠‡∏µ‡∏Å‡∏ó‡∏µ‡πÑ‡∏î‡πâ‡πÑ‡∏´‡∏°‡∏Ñ‡πà‡∏∞

#Jinyoung https://t.co/4PyyROsVT2",th,['jinyoung'],[],['https://pbs.twimg.com/media/FpnzCDeaEAAMatR.jpg'],0,0,0,['jinyoung'],[],https://twitter.com/immoomod/status/1628599961746280448,,,1,https://pbs.twimg.com/media/FpnzCDeaEAAMatR.jpg,,,,,,,"{'user_id': None, 'username': None}",,,,
1628599944478347267,1628599944478347267,2023-02-23 10:37:39 SE Asia Standard Time,2023-02-23,10:37:39,+0700,138294214,hoonyai,‡πÄ‡∏ó‡∏£‡∏î‡πÄ‡∏î‡∏≠‡∏£‡πå‡∏ó‡πà‡∏≤‡∏ô‡∏´‡∏ô‡∏∂‡πà‡∏á,,"10.37/

set ‡πÄ‡∏£‡∏¥‡πà‡∏°‡πÑ‡∏î‡πâ‡∏Å‡∏£‡∏≠‡∏ö 1647 -1658

‡∏ñ‡πâ‡∏≤‡∏õ‡∏¥‡∏î‡∏™‡∏π‡∏á 1658 ‡∏´‡∏£‡∏∑‡∏≠ &gt; https://t.co/h6N7MyYUnB",th,[],[],['https://pbs.twimg.com/media/FpnzACCacAEEfPu.png'],0,0,0,[],[],https://twitter.com/hoonyai/status/1628599944478347267,,,1,https://pbs.twimg.com/media/FpnzACCacAEEfPu.png,,,,,,,"{'user_id': None, 'username': None}",,,,
1628599943886946305,1628252739087265795,2023-02-23 10:37:39 SE Asia Standard Time,2023-02-23,10:37:39,+0700,1538314447,bambamyok,‡∏ï‡∏∞‡∏´‡∏ô‡∏π Bambam Ïò§ Îπ† üéÄüé≠ü¶¢üë∑üèª‚Äç‚ôÄÔ∏è‡∏ô‡πâ‡∏≠‡∏á‡∏ô‡∏≤üçã‡∏ô‡πâ‡∏≠‡∏á‡πÄ‡∏ó‡∏Ñ,,@TarotYouuuu 1,und,['tarotyouuuu'],[],[],0,0,0,[],[],https://twitter.com/BambamYok/status/1628599943886946305,,,0,,,,,,,,"{'user_id': '1243580273889095681', 'username': 'TarotYouuuu'}",,,,
1628599875331067904,1628599875331067904,2023-02-23 10:37:22 SE Asia Standard Time,2023-02-23,10:37:22,+0700,1466227074994098178,plstobiq,üíê,,‡∏Ç‡∏≤‡∏¢‡πÄ‡∏ó 2800 ‡∏ú‡πà‡∏≠‡∏ô‡πÑ‡∏î‡πâ ‡∏ô‡∏±‡∏î‡∏£‡∏±‡∏ö‡πÑ‡∏î‡πâ‡∏Ñ‡∏±‡∏ö ‡∏´‡∏•‡∏±‡∏Å‡∏ê‡∏≤‡∏ô‡∏Ñ‡∏£‡∏ö ‡πÑ‡∏°‡πà‡πÇ‡∏Å‡∏á‡πÅ‡∏ô‡πà‡∏ô‡∏≠‡∏ô ‡πÄ‡∏£‡∏≤‡∏≠‡∏¢‡∏≤‡∏Å‡∏Ç‡∏≤‡∏¢‡∏à‡∏£‡∏¥‡∏á‡πÜ‡∏Ñ‡πâ‡∏≤‡∏ö „Ö†„Ö† (‡∏û‡∏£‡πâ‡∏≠‡∏°‡πÇ‡∏≠‡∏ô‡∏•‡∏î‡πÑ‡∏î‡πâ‡∏≠‡∏µ‡∏Å‡∏Æ‡∏∞ü§õüèø) #the1975liveinbkk #the1975liveinbangkok,th,[],[],[],0,0,0,"['the1975liveinbkk', 'the1975liveinbangkok']",[],https://twitter.com/plstobiq/status/1628599875331067904,,https://twitter.com/plstobiq/status/1625004733063905281,0,,,,,,,,"{'user_id': None, 'username': None}",,,,
1628599860709707777,1628599860709707777,2023-02-23 10:37:19 SE Asia Standard Time,2023-02-23,10:37:19,+0700,191285800,tangmayx92,ü´ßTangMayü´ß MT01üêä,,‡∏°‡∏≤‡πÅ‡∏•‡πâ‡∏ß ‡∏°‡∏≤‡πÉ‡∏ô‡πÅ‡∏≠‡∏õ ‡∏Ñ‡∏¥‡∏î‡∏ñ‡∏∂‡∏á‡∏ô‡∏∞‡πÄ‡∏ó‡∏≠ ‡∏£‡∏±‡∏Å‡∏ô‡∏∞ü•π #MarkTuan @marktuan,th,['marktuan'],[],[],0,0,0,['marktuan'],[],https://twitter.com/Tangmayx92/status/1628599860709707777,,,0,,,,,,,,"{'user_id': None, 'username': None}",,,,
1628599844985253888,1628599844985253888,2023-02-23 10:37:15 SE Asia Standard Time,2023-02-23,10:37:15,+0700,809273218850664448,93again,agxin,,‡∏°‡∏≤‡∏£‡πå‡∏Ñ‡∏°‡∏≤‡∏•‡∏á‡∏Ñ‡∏•‡∏¥‡∏õ‡∏•‡∏π‡∏ö‡∏´‡∏±‡∏ß‡∏™‡πÅ‡∏ï‡∏ô‡∏î‡∏µ‡πâ‡∏ï‡∏≠‡∏ô‡∏á‡∏≤‡∏ô‡πÄ‡∏ó‡∏≠‡∏°‡∏¥‡∏ô‡∏≠‡∏• ‡πÉ‡∏ô‡πÅ‡∏≠‡∏û‡∏°‡∏≤‡∏£‡πå‡∏Ñ ‡πÅ‡∏•‡πâ‡∏ß‡∏ó‡∏≥‡∏´‡∏ô‡πâ‡∏≤‡∏î‡∏∑‡πâ‡∏≠‡∏≠‡∏∞ ‡∏ô‡πà‡∏≤‡∏£‡∏±‡∏Å‡∏°‡∏≤‡∏Å‡∏Åüò≠,th,[],[],[],0,0,0,[],[],https://twitter.com/93again/status/1628599844985253888,,,0,,,,,,,,"{'user_id': None, 'username': None}",,,,
1628599820180164609,1628599820180164609,2023-02-23 10:37:09 SE Asia Standard Time,2023-02-23,10:37:09,+0700,357929941,bluesherbet_,‡∏Æ‡∏á‡∏ä‡∏¥‡∏Å‡∏ä‡∏¥‡∏Å‡∏ä‡∏¥‡∏Å‡∏Å‡∏∞‡∏î‡πâ‡∏≤‡∏ß,,‡∏ä‡πà‡∏ß‡∏á‡∏ô‡∏µ‡πâ‡πÄ‡∏•‡πâ‡∏á‡πÅ‡∏ã‡πà‡∏ö‡∏Å‡∏≥‡∏•‡∏±‡∏á‡∏Æ‡∏¥‡∏ï‡πÉ‡∏ô‡∏´‡∏°‡∏π‡πà‡∏Ñ‡∏ô‡∏ï‡πà‡∏≤‡∏á‡∏ä‡∏≤‡∏ï‡∏¥‡∏°‡∏≤‡∏Å‡πÄ‡∏•‡∏¢‡πÉ‡∏ä‡πà‡∏°‡∏±‡πâ‡∏¢ ‡∏Ñ‡∏•‡∏¥‡∏õ‡πÑ‡∏´‡∏ô‡∏Ñ‡∏•‡∏¥‡∏õ‡∏ô‡∏±‡πâ‡∏ô‡∏ï‡πâ‡∏≠‡∏á‡∏°‡∏µ ‡∏Ñ‡∏ß‡∏≤‡∏°‡∏≠‡∏£‡πà‡∏≠‡∏¢‡∏ó‡∏µ‡πà‡∏°‡∏≤‡∏û‡∏£‡πâ‡∏≠‡∏°‡∏û‡∏£‡∏µ‡πÄ‡∏ã‡∏ô‡πÄ‡∏ó‡∏ä‡∏±‡πà‡∏ô‡∏™‡∏∏‡∏î‡∏≠‡∏•‡∏±‡∏á‡∏Å‡∏≤‡∏£,th,[],[],[],0,0,0,[],[],https://twitter.com/bluesherbet_/status/1628599820180164609,,,0,,,,,,,,"{'user_id': None, 'username': None}",,,,
1628599797723844616,1628599797723844616,2023-02-23 10:37:04 SE Asia Standard Time,2023-02-23,10:37:04,+0700,1111599056,f0xyjr,‡∏ü‡∏≠‡∏ï‡∏π‡∏ã‡∏≠‡∏°‡∏¥‡∏á üß∏ ‚úé¬∞‚Çä¬∑ #TeddyBear,,‡∏ô‡πâ‡∏≠‡∏á‡∏´‡∏°‡∏µ‡πÄ‡∏ó‡∏î‡πÄ‡∏ï‡∏£‡∏µ‡∏¢‡∏°‡πÄ‡∏Ç‡πâ‡∏≤‡∏ó‡πâ‡∏≠‡∏õ10  ‡∏°‡∏≤‡πÅ‡∏ô‡πà,th,[],[],[],0,0,0,[],[],https://twitter.com/F0xyJr/status/1628599797723844616,,,0,,,,,,,,"{'user_id': None, 'username': None}",,,,
1628599792145412103,1628599792145412103,2023-02-23 10:37:03 SE Asia Standard Time,2023-02-23,10:37:03,+0700,3074692946,mienumbernine,‡∏≠‡∏≠. ft. ‡πÅ‡∏Å‡πâ‡∏ö‡∏ô‡πÄ‡∏â‡∏•‡∏¢‡∏Ç‡πâ‡∏≠‡∏™‡∏≠‡∏ö 10 ‡∏õ‡∏µ,,‡πÇ‡∏î‡∏ô‡πÄ‡∏ó‡πÄ‡∏û‡∏£‡∏≤‡∏∞‡∏™‡∏±‡∏î‡∏™‡πà‡∏ß‡∏ô‡∏Ñ‡∏∞‡πÅ‡∏ô‡∏ô‡πÉ‡∏ô‡∏£‡∏≠‡∏ö‡∏Å‡∏¥‡πä‡∏ü‡∏°‡∏±‡∏ô‡∏ô‡πâ‡∏≠‡∏¢  ‡πÅ‡∏ï‡πà‡∏ñ‡πâ‡∏≤‡∏´‡∏•‡∏∏‡∏î‡πÑ‡∏õ‡∏£‡∏≠‡∏ö‡∏ò‡∏£‡∏£‡∏°‡∏î‡∏≤‡∏Å‡πá‡∏à‡∏∞‡∏ï‡∏≤‡∏°‡∏´‡∏≤‡∏ô‡∏µ‡πà‡πÄ‡∏û‡∏£‡∏≤‡∏∞‡∏ó‡∏∏‡∏Å‡∏ß‡∏¥‡∏ä‡∏≤‡πÄ‡∏ó‡πà‡∏≤‡∏Å‡∏±‡∏ô ‡πÄ‡∏õ‡πá‡∏ô‡πÅ‡∏ö‡∏ö‡∏ô‡∏µ‡πâ‡∏ó‡∏∏‡∏Å‡∏õ‡∏µ ‡πÄ‡∏™‡∏µ‡∏¢‡∏Ñ‡∏ß‡∏≤‡∏°‡∏£‡∏π‡πâ‡∏™‡∏∂‡∏Å‡∏ó‡∏∏‡∏Å‡∏õ‡∏µ,th,[],[],[],0,0,0,[],[],https://twitter.com/mienumbernine/status/1628599792145412103,,,0,,,,,,,,"{'user_id': None, 'username': None}",,,,
1628599760415502336,1628582589467590658,2023-02-23 10:36:55 SE Asia Standard Time,2023-02-23,10:36:55,+0700,1114419485862006786,sasinumomayy,‡∏°‡∏° ~~^^ ‚ô°.üåªüåª,,@t9_sep ‡πÄ‡∏ó‡∏≠‡∏ï‡πâ‡∏≠‡∏á‡∏ö‡∏≠‡∏Å‡∏â‡∏±‡∏ô‡∏ß‡πà‡∏≤ ‡∏û‡∏±‡∏Å‡∏Ñ‡πà‡∏≤ ‡πÅ‡∏ö‡∏ö‡∏ô‡∏µ‡πà 55555,th,['t9_sep'],[],[],0,0,0,[],[],https://twitter.com/sasinumomayy/status/1628599760415502336,,,0,,,,,,,,"{'user_id': '1176505060139814913', 'username': 't9_sep'}",,,,
1628599758804881408,1628599758804881408,2023-02-23 10:36:55 SE Asia Standard Time,2023-02-23,10:36:55,+0700,1529191551401721856,myzunshinee,‡∏ô‡∏∏‡∏ô‡∏¥‡πà‡∏° üåä ft.‡∏û‡∏¥‡∏ó‡∏±‡∏Å‡∏©‡πå‡πÄ‡∏ó‡∏ß‡∏≤‚öîÔ∏è(‡πÄ‡∏î‡∏°‡∏Ç‡∏¥‡∏ï),,‡∏ô‡∏¥‡∏ß‡∏ï‡∏∑‡πà‡∏ô‡∏°‡∏≤‡∏à‡∏µ‡∏ö‡πÅ‡∏ü‡∏ô‡πÄ‡∏•‡∏¢ ‡∏™‡πà‡∏≠‡∏á‡∏û‡∏µ‡πà‡∏≠‡∏∞‡∏î‡∏¥,th,[],[],[],0,0,0,[],[],https://twitter.com/myzunshinee/status/1628599758804881408,,,0,,,,,,,,"{'user_id': None, 'username': None}",,,,
1628599746947579906,1628599746947579906,2023-02-23 10:36:52 SE Asia Standard Time,2023-02-23,10:36:52,+0700,1396249246244904961,beminetea,dongyoung,,"‡∏ß‡∏±‡∏ô‡∏û‡∏£‡∏∏‡πà‡∏á‡∏ô‡∏µ‡πâ‡∏à‡∏∞‡πÑ‡∏õ‡∏´‡∏¥‡πâ‡∏ß‡πÇ‡∏°‡∏ä‡∏¥‡πÇ‡∏°‡∏ä‡∏¥‡∏Ñ‡∏±‡∏ö

‡πÉ‡∏ö‡πÄ‡∏™‡∏£‡πá‡∏à‡∏¢‡∏≠‡∏î500+ (‡∏Ç‡∏≤‡∏¢‡∏ö‡∏¥‡∏•‡∏•‡∏∞250‡∏ø)
‡∏°‡∏±‡∏î‡∏à‡∏≥50‡∏ø‡∏ô‡∏∞‡∏Ñ‡∏∞ ‡∏ã‡∏∑‡πâ‡∏≠‡πÄ‡∏™‡∏£‡πá‡∏à‡πÅ‡∏•‡πâ‡∏ß‡∏Ñ‡πà‡∏≠‡∏¢‡πÇ‡∏≠‡∏ô‡∏ó‡∏µ‡πà‡πÄ‡∏´‡∏•‡∏∑‡∏≠‡∏Ñ‡∏±‡∏ö‡∏Å‡∏±‡∏ô‡πÄ‡∏ó

‡∏û‡∏£‡πâ‡∏≠‡∏°‡πÄ‡∏Ç‡∏µ‡∏¢‡∏ô‡∏ä‡∏∑‡πà‡∏≠‡πÉ‡∏´‡πâ‡πÄ‡∏•‡∏¢‡∏Ñ‡πà‡∏∞üìù

 #NCTDREAM_THEDREAMSHOW2_in_BKK #NCTDREAM_THEDREAMSHOW2 ‡∏£‡∏±‡∏ö‡∏´‡∏¥‡πâ‡∏ß ‡πÇ‡∏°‡∏ä‡∏¥ ‡πÇ‡∏°‡∏ä‡∏¥",th,[],[],[],0,0,0,"['nctdream_thedreamshow2_in_bkk', 'nctdream_thedreamshow2']",[],https://twitter.com/beminetea/status/1628599746947579906,,,0,,,,,,,,"{'user_id': None, 'username': None}",,,,
1628599731936190465,1628599731936190465,2023-02-23 10:36:48 SE Asia Standard Time,2023-02-23,10:36:48,+0700,2580006770,abcde_iz,lalalalala_lalalala,,‡∏û‡∏≠‡∏≠‡πà‡∏≤‡∏ô‡πÄ‡∏ó‡∏£‡∏î‡∏Ñ‡∏≥‡∏û‡∏π‡∏î‡∏ó‡∏µ‡πà‡πÑ‡∏°‡πà‡∏Ñ‡∏ß‡∏£‡∏û‡∏π‡∏î‡∏Å‡∏±‡∏ö‡∏Ñ‡∏ô‡∏°‡∏µ‡∏†‡∏≤‡∏ß‡∏∞‡∏ã‡∏∂‡∏°‡πÄ‡∏®‡∏£‡πâ‡∏≤ ‡∏ó‡∏∏‡∏Å‡∏ß‡∏±‡∏ô‡∏ô‡∏µ‡πâ‡∏Å‡πá‡πÑ‡∏°‡πà‡∏£‡∏π‡πâ‡∏à‡∏∞‡∏û‡∏π‡∏î‡∏õ‡∏•‡∏≠‡∏ö‡πÉ‡∏à ‡∏´‡∏£‡∏∑‡∏≠‡πÉ‡∏´‡πâ‡∏Å‡∏≥‡∏•‡∏±‡∏á‡πÉ‡∏à‡∏Ñ‡∏ô‡∏≠‡∏∑‡πà‡∏ô‡∏¢‡∏±‡∏á‡πÑ‡∏á ‡∏Ñ‡∏≥‡∏û‡∏π‡∏î‡πÄ‡∏£‡∏≤‡∏à‡∏∞‡∏ó‡∏≥‡πÉ‡∏´‡πâ‡πÄ‡∏Ç‡∏≤‡πÅ‡∏¢‡πà‡∏¢‡∏¥‡πà‡∏á‡∏Å‡∏ß‡πà‡∏≤‡πÄ‡∏î‡∏¥‡∏°‡∏£‡∏∂‡πÄ‡∏õ‡∏•‡πà‡∏≤ ‡πÅ‡∏•‡πâ‡∏ß‡∏ö‡∏≤‡∏á‡∏Ñ‡∏ô‡∏≠‡∏≤‡∏à‡∏à‡∏∞‡∏°‡∏µ‡∏´‡∏£‡∏∑‡∏≠‡πÑ‡∏°‡πà‡∏°‡∏µ‡∏†‡∏≤‡∏ß‡∏∞‡∏ã‡∏∂‡∏°‡πÄ‡∏®‡∏£‡πâ‡∏≤ ‡πÄ‡∏£‡∏≤‡∏Å‡πá‡πÑ‡∏°‡πà‡∏£‡∏π‡πâ‡∏≠‡∏µ‡∏Å ‡πÄ‡∏•‡∏¢‡∏ü‡∏±‡∏á‡∏≠‡∏¢‡πà‡∏≤‡∏á‡πÄ‡∏î‡∏µ‡∏¢‡∏ß ‡∏Å‡πá‡πÑ‡∏°‡πà‡∏£‡∏π‡πâ‡∏Ñ‡∏ô‡πÄ‡∏•‡πà‡∏≤‡∏à‡∏∞‡∏Ñ‡∏¥‡∏î‡∏°‡∏≤‡∏Å‡∏°‡∏±‡πâ‡∏¢,th,[],[],[],0,0,0,[],[],https://twitter.com/abcde_iz/status/1628599731936190465,,,0,,,,,,,,"{'user_id': None, 'username': None}",,,,
1628599731416104960,1628599731416104960,2023-02-23 10:36:48 SE Asia Standard Time,2023-02-23,10:36:48,+0700,960496386813837314,keera_u,keer,,‡∏ï‡πà‡∏≠‡πÉ‡∏´‡πâ‡∏´‡∏•‡πà‡∏≠‡πÅ‡∏Ñ‡πà‡πÑ‡∏´‡∏ô‡∏û‡∏µ‡πà‡∏Å‡πá‡∏û‡∏≤‡πÄ‡∏ó‡∏≠‡πÄ‡∏•‡∏µ‡πâ‡∏¢‡∏ß‡∏°‡∏≤‡πÄ‡∏õ‡πá‡∏ô‡πÄ‡∏î‡πá‡∏Å‡πÄ‡∏£‡πâ‡∏Å‡∏Ç‡∏≠‡∏á‡∏û‡∏µ‡πà‡πÑ‡∏î‡πâ‡πÄ‡∏û‡∏£‡∏≤‡∏∞‡πÄ‡∏ó‡∏≠‡∏°‡∏±‡∏ô‡∏ô‡πà‡∏≤‡∏£‡∏±‡∏Å‡∏à‡∏£‡∏¥‡∏á‡πÜ ü•∫üñ§,th,[],[],[],0,0,0,[],[],https://twitter.com/keera_u/status/1628599731416104960,,,0,,,,,,,,"{'user_id': None, 'username': None}",,,,
1628599696779534336,1628599696779534336,2023-02-23 10:36:40 SE Asia Standard Time,2023-02-23,10:36:40,+0700,1601650844780621824,mamamongd,mŒ±mŒ±mong :„Çä (‡∏Ñ‡∏∏‡∏£‡∏†‡∏≤‡∏Ñ‡∏¥‡∏ô),,‡∏°‡∏µ‡∏õ‡∏±‡∏ç‡∏´‡∏≤‡∏Å‡∏±‡∏ö‡∏£‡∏µ‡πÄ‡∏ó‡∏£‡∏ô‡πÄ‡∏ô‡∏≠‡∏£‡πå‡∏°‡∏≤‡∏Å ‡∏´‡πà‡∏≠‡πÉ‡∏™‡πà‡∏ó‡∏¥‡∏ä‡∏ä‡∏π‡πà‡πÅ‡∏•‡πâ‡∏ß‡∏´‡∏≤‡∏¢‡∏ï‡∏±‡∏ß ü´•,th,[],[],[],0,0,0,[],[],https://twitter.com/mamamongD/status/1628599696779534336,,,0,,,,,,,,"{'user_id': None, 'username': None}",,,,
1628599676252618755,1628599676252618755,2023-02-23 10:36:35 SE Asia Standard Time,2023-02-23,10:36:35,+0700,1102535167548121088,haessal8,Sunnies,,"‡∏ñ‡πâ‡∏≤‡πÄ‡∏ó‡∏≠‡∏ä‡∏ô‡∏∞‡πÑ‡∏î‡πâ‡∏û‡∏µ‡πà‡πÄ‡∏õ‡πá‡∏ô‡πÅ‡∏ü‡∏ô:
‡∏ô‡πâ‡∏≠‡∏á‡∏ã‡∏≠‡∏ô‡∏≠‡∏π: https://t.co/9EHgHi4PaI",th,[],[],['https://pbs.twimg.com/media/FpnyxU6aYAArgqZ.jpg'],0,1,0,[],[],https://twitter.com/haessal8/status/1628599676252618755,,,1,https://pbs.twimg.com/media/FpnyxU6aYAArgqZ.jpg,,,,,,,"{'user_id': None, 'username': None}",,,,
1628599668174385153,1628598564913037312,2023-02-23 10:36:33 SE Asia Standard Time,2023-02-23,10:36:33,+0700,1087851682954801153,foryou_do2112,Happen Suddenlyü•∞,,@EXOTHTEAM ‡∏Å‡∏≥‡∏•‡∏±‡∏á‡∏à‡∏∞‡∏ñ‡∏≤‡∏°‡πÄ‡∏•‡∏¢‡∏Ñ‡πà‡∏∞ ‡∏ß‡πà‡∏≤‡∏°‡∏µ‡πÇ‡∏î‡πÄ‡∏ô‡∏ó‡∏°‡∏±‡πâ‡∏¢ ‡πÄ‡∏û‡∏£‡∏≤‡∏∞‡∏î‡∏π‡∏à‡∏≤‡∏Å‡∏™‡∏ñ‡∏≤‡∏ô‡∏Å‡∏≤‡∏£‡∏ì‡πå‡πÄ‡∏°‡∏∑‡πà‡∏≠‡∏ß‡∏≤‡∏ô‡∏î‡∏π‡πÄ‡∏´‡∏°‡∏∑‡∏≠‡∏ô‡∏ä‡πà‡∏ß‡∏á‡πÉ‡∏Å‡∏•‡πâ‡πÜ‡∏´‡∏°‡∏î‡πÄ‡∏ß‡∏•‡∏≤‡πÄ‡∏Ç‡∏≤‡∏à‡∏∞‡πÄ‡∏ó‡∏Ñ‡∏∞‡πÅ‡∏ô‡∏ô‡πÄ‡∏¢‡∏≠‡∏∞‡πÜ‡∏≠‡∏≠‡∏Å‡∏°‡∏≤ ‡πÄ‡∏û‡∏£‡∏≤‡∏∞‡∏â‡∏∞‡∏ô‡∏±‡πâ‡∏ô‡πÄ‡∏£‡∏≤‡∏Å‡πá‡∏à‡∏≥‡πÄ‡∏õ‡πá‡∏ô‡∏ó‡∏µ‡πà‡∏à‡∏∞‡∏ï‡πâ‡∏≠‡∏á‡∏°‡∏µ‡∏Ñ‡∏∞‡πÅ‡∏ô‡∏ô‡∏ó‡∏µ‡πà‡∏à‡∏∞‡πÄ‡∏ó‡πÑ‡∏î‡πâ‡∏ó‡∏µ‡πÄ‡∏î‡∏µ‡∏¢‡∏ß‡πÄ‡∏¢‡∏≠‡∏∞‡πÜ‡πÄ‡∏´‡∏°‡∏∑‡∏≠‡∏ô‡∏Å‡∏±‡∏ô,th,['exothteam'],[],[],0,0,0,[],[],https://twitter.com/foryou_DO2112/status/1628599668174385153,,,0,,,,,,,,"{'user_id': '1403319757579816961', 'username': 'EXOTHTEAM'}",,,,
1628599655830540289,1628599655830540289,2023-02-23 10:36:30 SE Asia Standard Time,2023-02-23,10:36:30,+0700,2506495183,papangzn,ùë∑ ‚òºüåä ùôõùô©.‡∏û‡∏¥‡∏ó‡∏±‡∏Å‡∏©‡πå‡πÄ‡∏ó‡∏ß‡∏≤ ‚öîÔ∏è,,"‡πÅ‡∏õ‡∏•‡∏ß‡πà‡∏≤ ‡∏´‡∏•‡πà‡∏≠‡∏°‡∏≤‡∏Å‡πÜ‡∏à‡∏ô‡∏•‡∏°‡∏Å‡πá‡πÑ‡∏°‡πà‡∏≠‡∏≤‡∏à‡∏ï‡πâ‡∏≤‡∏ô‡∏Ñ‡∏ß‡∏≤‡∏°‡∏´‡∏•‡πà‡∏≠‡∏ô‡∏µ‡πâ‡πÑ‡∏î‡πâ ‡∏´‡∏•‡πà‡∏≠‡∏ô‡∏≥‡πÑ‡∏õ‡πÑ‡∏Å‡∏• ‡∏´‡∏•‡πà‡∏≠‡πÅ‡∏ö‡∏ö‡∏™‡∏∏‡∏î‡πÜ 55555555 
#ZeePruk #NuNew #ZeeNunew https://t.co/XaNYXP4joF",th,[],[],"['https://pbs.twimg.com/media/FpnywCjaIAM4UVq.jpg', 'https://pbs.twimg.com/media/FpnywCeagAEJRHw.jpg']",0,0,3,"['zeepruk', 'nunew', 'zeenunew']",[],https://twitter.com/papangzn/status/1628599655830540289,,,1,https://pbs.twimg.com/media/FpnywCjaIAM4UVq.jpg,,,,,,,"{'user_id': None, 'username': None}",,,,
1628599617263931393,1628599617263931393,2023-02-23 10:36:21 SE Asia Standard Time,2023-02-23,10:36:21,+0700,1459699996056383488,fatherofkp3r,Mr. CZz Abdul RazinüêÆüêªü•Ç,,"$hook
‡∏Å‡∏≥‡∏•‡∏±‡∏á‡πÄ‡∏Ç‡πâ‡∏≤‡∏Å‡∏£‡∏≠‡∏ö‚Äã ‡∏´‡∏≤‡∏Å‡πÄ‡∏ö‡∏£‡∏Ñ‡πÄ‡∏™‡πâ‡∏ô‡∏Å‡∏î‡πÅ‡∏î‡∏á‚Äã ‡∏Å‡πá‡∏•‡∏≠‡∏á‡∏ß‡∏≤‡∏á‡πÄ‡∏ó‡∏£‡∏î‡πÄ‡∏ã‡∏ó‡∏≠‡∏±‡∏û‡∏ï‡∏≤‡∏°‡πÄ‡∏™‡πâ‡∏ô‡πÄ‡∏´‡∏•‡∏∑‡∏≠‡∏á‡πÄ‡∏õ‡πá‡∏ô‡πÅ‡∏ô‡∏ß‡∏ó‡∏≤‡∏á‡πÑ‡∏ß‡πâ‡∏Å‡πà‡∏≠‡∏ô‚Äã ‡πÄ‡∏ú‡∏∑‡πà‡∏≠‡πÜ https://t.co/kM160K6dwY",th,[],[],['https://pbs.twimg.com/media/FpnyuAYaIAAH9IB.jpg'],0,0,1,[],['hook'],https://twitter.com/FatherofKp3R/status/1628599617263931393,,,1,https://pbs.twimg.com/media/FpnyuAYaIAAH9IB.jpg,,,,,,,"{'user_id': None, 'username': None}",,,,
1628599606803308545,1628599606803308545,2023-02-23 10:36:18 SE Asia Standard Time,2023-02-23,10:36:18,+0700,296663744,randombot_,Random Bot,,‡∏°‡∏µ‡πÇ‡∏≠‡∏Å‡∏≤‡∏™‡∏™‡∏∏‡πà‡∏°‡πÑ‡∏î‡πâ‡πÅ‡∏£‡∏£‡πå‡πÑ‡∏≠‡πÄ‡∏ó‡∏°‡∏î‡πâ‡∏ß‡∏¢‡∏ô‡∏∞ ‡πÑ‡∏°‡πà‡πÄ‡∏ä‡∏∑‡πà‡∏≠‡∏•‡∏≠‡∏á‡∏°‡∏≤‡∏™‡∏∏‡πà‡∏°‡∏Å‡∏±‡∏ö‡∏ú‡∏°‡∏™‡∏¥,th,[],[],[],0,0,0,[],[],https://twitter.com/RandomBot_/status/1628599606803308545,,,0,,,,,,,,"{'user_id': None, 'username': None}",,,,
1628599559697088518,1628599559697088518,2023-02-23 10:36:07 SE Asia Standard Time,2023-02-23,10:36:07,+0700,352073461,ffahjjh,ÌïòÎäò,,‡πÄ‡∏ó‡∏™‡∏î‡∏µ‡∏™‡∏∏‡∏ö‡∏™‡∏∏‡∏ö ‡πÄ‡∏ó‡πà‡∏ã‡πà‡∏≠‡∏ô‡πÄ‡∏õ‡∏£‡∏µ‡πâ‡∏¢‡∏ß „Ö†„Ö†„Ö†„Ö†„Ö†„Ö†„Ö†„Ö† https://t.co/uU955u9GF7,th,[],[],"['https://pbs.twimg.com/media/Fpnypo6aYAIicT6.jpg', 'https://pbs.twimg.com/media/Fpnypo2aEAA6TBa.jpg']",0,7,0,[],[],https://twitter.com/ffahjjh/status/1628599559697088518,,,1,https://pbs.twimg.com/media/Fpnypo6aYAIicT6.jpg,,,,,,,"{'user_id': None, 'username': None}",,,,
1628599528764104704,1628599528764104704,2023-02-23 10:36:00 SE Asia Standard Time,2023-02-23,10:36:00,+0700,1525328870085644288,khxng_nk,marktuannn,,‡∏°‡∏≤‡∏£‡πå‡∏Ñ‡∏•‡∏á‡∏Ñ‡∏•‡∏¥‡∏õ‡∏¢‡∏∑‡∏ô‡πÄ‡∏•‡πà‡∏ô‡∏Å‡∏±‡∏ö‡∏™‡πÅ‡∏ï‡∏ô‡∏î‡∏µ‡πâ‡∏á‡∏≤‡∏ô‡πÄ‡∏ó‡∏≠‡∏°‡∏¥‡∏ô‡∏≠‡∏•‡∏Æ‡∏£‡∏∑‡πâ‡∏≠‡∏ô‡πà‡∏≤‡∏£‡∏±‡∏Å‡∏´‡∏ô‡∏∏‡πâ‡∏ö‡∏´‡∏ô‡∏¥‡∏ö‡∏™‡∏∏‡∏î‡πÜ‡∏°‡∏≤‡πÑ‡∏ó‡∏¢‡πÑ‡∏î‡πâ‡∏¢‡∏±‡∏á‡πÄ‡∏£‡∏≤‡∏Ñ‡∏¥‡∏î‡∏ñ‡∏∂‡∏áüò≠,th,[],[],[],0,0,0,[],[],https://twitter.com/khxng_nk/status/1628599528764104704,,,0,,,,,,,,"{'user_id': None, 'username': None}",,,,
1628599520648134657,1628599520648134657,2023-02-23 10:35:58 SE Asia Standard Time,2023-02-23,10:35:58,+0700,105192866,noochie2415,Kyu,,"https://t.co/CXnW2jbJNS 
‡∏û‡∏£‡∏∞‡πÅ‡∏°‡πà‡∏•‡∏±‡∏Å‡∏©‡∏°‡∏µ said : ‡πÄ‡∏ó‡∏≠‡∏Ç‡∏≠‡∏Ñ‡∏ô‡∏ô‡∏µ‡πâ‡∏≠‡∏µ‡∏Å‡πÅ‡∏•‡πâ‡∏ß‡∏´‡∏£‡∏≠",th,[],[],[],0,0,0,[],[],https://twitter.com/noochie2415/status/1628599520648134657,,,1,https://pbs.twimg.com/ext_tw_video_thumb/1628583432274968577/pu/img/iPDDXFHvPHD8e4e3.jpg,,,,,,,"{'user_id': None, 'username': None}",,,,
1628599516755812353,1628409550150811649,2023-02-23 10:35:57 SE Asia Standard Time,2023-02-23,10:35:57,+0700,273361770,oohtwenty,‡∏ñ‡∏≤‡∏°‡∏ß‡πà‡∏≤‡∏£‡∏±‡∏Å‡∏ô‡πâ‡∏≠‡∏á‡πÅ‡∏Æ‡∏ä‡∏≤‡∏ô‡πÅ‡∏Ñ‡πà‡πÑ‡∏´‡∏ô‡∏ï‡∏≠‡∏ö‡πÑ‡∏î‡πâ‡πÄ‡∏•‡∏¢‡∏ß‡πà‡∏≤‡∏£‡∏±‡∏Å‡πÅ‡∏Ñ‡πà‡πÄ‡∏ó‡∏≠ lll,,@castby9arm ‡∏ï‡∏≠‡∏ô‡∏ó‡∏≥‡∏ó‡∏µ‡πà‡∏ö‡∏£‡∏¥‡∏©‡∏±‡∏ó‡∏≠‡∏≤‡∏à‡∏à‡∏∞‡πÑ‡∏î‡πâ‡∏™‡∏ß‡∏±‡∏™‡∏î‡∏¥‡∏Å‡∏≤‡∏£‡∏Ç‡πâ‡∏≤‡∏ß‡∏ü‡∏£‡∏µ ‡∏û‡∏≠ wfh ‡∏ï‡∏£‡∏á‡∏ô‡∏µ‡πâ‡∏´‡∏≤‡∏¢‡πÑ‡∏õ‡πÄ‡∏£‡∏µ‡∏¢‡∏Å‡∏£‡πâ‡∏≠‡∏á‡∏Å‡πá‡∏ñ‡∏π‡∏Å‡πÅ‡∏•‡πâ‡∏ß‡∏ô‡∏µ‡πà‡∏Ñ‡πà‡∏∞,th,['castby9arm'],[],[],0,0,0,[],[],https://twitter.com/Oohtwenty/status/1628599516755812353,,,0,,,,,,,,"{'user_id': '2864086918', 'username': 'castby9arm'}",,,,
1628599512972537859,1628599512972537859,2023-02-23 10:35:56 SE Asia Standard Time,2023-02-23,10:35:56,+0700,1573545166903726080,sleep57947649,‡∏ô‡∏≠‡∏ô‡∏Ñ‡πà‡∏≤‡∏ô‡∏≠‡∏ô‡∏≠‡∏¢‡πà‡∏≤‡∏á‡πÄ‡∏î‡∏µ‡∏¢‡∏ß‡∏Ñ‡∏ô‡πÄ‡∏£‡∏≤‡∏ï‡πâ‡∏≠‡∏á‡∏ô‡∏≠‡∏ô‡πÉ‡∏´‡πâ‡∏û‡∏≠ 30 ‡∏ä‡∏±‡πà‡∏ß‡πÇ‡∏°‡∏á,,‡∏ú‡∏ä.‡∏´‡πâ‡∏≠‡∏á‡∏Å‡∏π‡πÄ‡∏ó‡∏™‡∏Å‡∏µ‡∏à‡∏±‡∏î,th,[],[],[],0,0,0,[],[],https://twitter.com/sleep57947649/status/1628599512972537859,,,0,,,,,,,,"{'user_id': None, 'username': None}",,,,
1628599497885466625,1628599497885466625,2023-02-23 10:35:52 SE Asia Standard Time,2023-02-23,10:35:52,+0700,595458661,likeastar_light,‡´Æ Àô‚∞ôÀô ·Éê ‡πÇ‡∏Æ‡∏Å‡∏õ‡∏µ‡πä‡∏ö!,,‡πÄ‡∏•‡∏≤‡∏à‡πâ‡∏≤‡∏á‡πÄ‡∏ó‡∏≠‡∏°‡∏≤‡∏õ‡∏£‡∏∞‡∏ä‡∏∏‡∏°‡πÅ‡∏ó‡∏ô‡πÄ‡∏•‡∏≤‡∏ó‡∏µ,th,[],[],[],0,0,0,[],[],https://twitter.com/likeastar_light/status/1628599497885466625,,https://twitter.com/whiteduckkk/status/1628597233603186688,0,,,,,,,,"{'user_id': None, 'username': None}",,,,
1628599473416073216,1628599331690536960,2023-02-23 10:35:47 SE Asia Standard Time,2023-02-23,10:35:47,+0700,1548707228131414016,morsor98,Morsor,,"‡∏ä‡πà‡∏≠‡∏á‡∏ß‡∏±‡∏ô‡πÄ‡∏Ñ‡πâ‡∏≤‡∏¢‡∏±‡∏á‡πÉ‡∏™‡πà‡πÉ‡∏à‡∏ä‡∏∑‡πà‡∏≠‡∏®‡∏¥‡∏•‡∏õ‡∏¥‡∏ô‡∏Å‡∏ß‡πà‡∏≤‡πÄ‡∏ó‡∏≠‡∏≠‡∏µ‡∏Å‡πÄ‡∏à‡∏°
‡πÄ‡∏Ñ‡πâ‡∏≤‡πÅ‡∏ó‡πá‡∏Å‡∏ä‡∏∑‡πà‡∏≠‡∏ñ‡∏π‡∏Å‡∏ô‡∏∞  ‡∏≠‡∏≤‡∏¢‡∏°‡∏±‡πâ‡∏¢‡∏≠‡πà‡∏∞",th,[],[],[],0,0,0,[],[],https://twitter.com/morsor98/status/1628599473416073216,,,0,,,,,,,,"{'user_id': '1548707228131414016', 'username': 'morsor98'}",,,,
1628599461135151104,1628599461135151104,2023-02-23 10:35:44 SE Asia Standard Time,2023-02-23,10:35:44,+0700,514585422,basqred,Bas Q Red,,‡∏Ñ‡∏ß‡∏≤‡∏°‡∏£‡∏π‡πâ‡∏™‡∏∂‡∏Å‡∏Å‡∏π‡πÑ‡∏°‡πà‡πÉ‡∏ä‡πà‡πÄ‡∏´‡∏•‡πâ‡∏≤ ‡∏ó‡∏µ‡πà‡∏à‡∏∞‡πÑ‡∏î‡πâ‡πÄ‡∏ó‡πÄ‡∏≠‡∏≤ ‡πÄ‡∏ó‡πÄ‡∏≠‡∏≤ 555+,th,[],[],[],0,0,0,[],[],https://twitter.com/BasQRed/status/1628599461135151104,,,0,,,,,,,,"{'user_id': None, 'username': None}",,,,
1628599430965501953,1628599430965501953,2023-02-23 10:35:36 SE Asia Standard Time,2023-02-23,10:35:36,+0700,3113376192,fa17me,‚ô°,,‡πÄ‡∏ó‡∏≠‡∏Ç‡∏≤‡πÄ‡∏ó‡∏≠‡∏≠‡∏≠‡∏≠‡∏≠‡∏≠‡∏≠‡∏≠‡∏≠‡∏≠‡∏≠‡∏≠‡∏≠ https://t.co/P7rTvJi1He,th,[],[],"['https://pbs.twimg.com/media/Fpnyi-HaIAAqgu9.jpg', 'https://pbs.twimg.com/media/Fpnyi-JaUAE6EuV.jpg']",0,0,0,[],[],https://twitter.com/FA17ME/status/1628599430965501953,,,1,https://pbs.twimg.com/media/Fpnyi-HaIAAqgu9.jpg,,,,,,,"{'user_id': None, 'username': None}",,,,
1628599402863661057,1628533178007982080,2023-02-23 10:35:30 SE Asia Standard Time,2023-02-23,10:35:30,+0700,1537753268213800960,nannynp921,‡πÅ‡∏°‡πà‡πÅ‡∏ô‡∏ô ‡∏ó‡∏µ‡∏°‡πÄ‡∏ó‡∏£‡∏ô‡∏ó‡∏ß‡∏¥‡∏ïTCüíõüíö,,@vichaya_s ‡πÄ‡∏£‡∏∑‡πà‡∏≠‡∏á‡∏Ñ‡∏ß‡∏≤‡∏°‡∏Ñ‡∏¥‡∏î‡πÄ‡∏´‡πá‡∏ô‡∏™‡πà‡∏ß‡∏ô‡∏ï‡∏±‡∏ß‡πÉ‡∏ô‡∏ó‡∏≤‡∏á‡∏ô‡∏µ‡πâ ‡∏≠‡∏¢‡πà‡∏≤‡∏ó‡∏ß‡∏¥‡∏ï‡πÄ‡∏•‡∏¢‡∏Ñ‡πà‡∏∞‡∏û‡∏µ‡πà ‡πÄ‡∏£‡∏≤‡∏°‡∏≤‡∏™‡∏£‡πâ‡∏≤‡∏á‡∏û‡∏•‡∏±‡∏á‡∏ö‡∏ß‡∏Å‡πÉ‡∏´‡πâ‡∏ô‡πâ‡∏≠‡∏á‡πÜ‡∏î‡πâ‡∏ß‡∏¢‡∏Å‡∏±‡∏ô‡∏ô‡∏∞‡∏Ñ‡∏∞ ‡πÄ‡∏£‡∏≤‡∏£‡∏±‡∏Å‡πÄ‡∏Ñ‡πâ‡∏≤ ‡∏°‡∏≤‡∏™‡πà‡∏á‡∏Ñ‡∏ß‡∏≤‡∏°‡∏£‡∏±‡∏Å‡πÉ‡∏´‡πâ‡πÄ‡∏Ñ‡πâ‡∏≤‡∏Å‡∏±‡∏ô‡∏Ñ‡πà‡∏∞ ü•∞ü•∞ü•∞ü•∞ü•∞ü•∞ü•∞ü•∞ü•∞,th,['vichaya_s'],[],[],0,0,0,[],[],https://twitter.com/NannyNP921/status/1628599402863661057,,,0,,,,,,,,"{'user_id': '1582466180', 'username': 'vichaya_s'}",,,,
1628599393682358272,1628599393682358272,2023-02-23 10:35:28 SE Asia Standard Time,2023-02-23,10:35:28,+0700,1570327447266291712,lovemark49,markloveeü´†üíê,,‡∏°‡∏≤‡∏£‡πå‡∏Ñ‡∏•‡∏á‡∏Ñ‡∏•‡∏¥‡∏õ‡πÉ‡∏ô‡∏á‡∏≤‡∏ô‡πÄ‡∏ó‡∏≠‡∏°‡∏¥‡∏ô‡∏≠‡∏•‡∏ô‡πà‡∏≤‡∏£‡∏±‡∏Å‡∏ä‡∏¥‡∏ö‡∏´‡∏≤‡∏¢‡∏¢‡∏¢üò≠üò≠üò≠üò≠üò≠üò≠üò≠üò≠üò≠üò≠üò≠,th,[],[],[],0,0,0,[],[],https://twitter.com/lovemark49/status/1628599393682358272,,,0,,,,,,,,"{'user_id': None, 'username': None}",,,,
1628599351902900224,1628599351902900224,2023-02-23 10:35:18 SE Asia Standard Time,2023-02-23,10:35:18,+0700,967244745129914368,vinegarjuicebox,vivi #ANTIFRAGILE,,‡∏ï‡∏¥‡∏î‡πÄ‡∏ó‡∏£‡∏ô‡∏ó‡∏∏‡∏Å‡∏ï‡∏≠‡∏ô‡πÄ‡∏•‡∏¢,th,[],[],[],0,0,0,[],[],https://twitter.com/vinegarjuicebox/status/1628599351902900224,,,0,,,,,,,,"{'user_id': None, 'username': None}",,,,
1628599317991931904,1628599317991931904,2023-02-23 10:35:09 SE Asia Standard Time,2023-02-23,10:35:09,+0700,948791458739310592,siri_si17,SIRI-SMILEY,,‡∏°‡∏≤‡πÄ‡∏ó‡∏£‡∏ô‡πÅ‡∏ó‡πá‡∏Å‡∏Ç‡∏≠‡∏ö‡∏Ñ‡∏∏‡∏ì‡∏ä‡∏≤‡∏ß‡πÄ‡∏ß‡∏µ‡∏¢‡∏î‡∏ô‡∏≤‡∏°‡∏Å‡∏±‡∏ô‡∏Ñ‡πà‡∏∞‡∏ó‡∏µ‡πà‡∏Ç‡∏∂‡πâ‡∏ô‡∏ö‡∏¥‡∏•‡∏ö‡∏≠‡∏£‡πå‡∏î‡∏ó‡∏µ‡πà‡πÄ‡∏ß‡∏µ‡∏¢‡∏î‡∏ô‡∏≤‡∏°‡∏ß‡∏±‡∏ô‡∏ô‡∏µ‡πâ #ShowMeLoveInVN,th,[],[],[],0,11,0,['showmeloveinvn'],[],https://twitter.com/Siri_si17/status/1628599317991931904,,,0,,,,,,,,"{'user_id': None, 'username': None}",,,,
1628599303446081536,1628599303446081536,2023-02-23 10:35:06 SE Asia Standard Time,2023-02-23,10:35:06,+0700,3301175972,amydunnexz,‡∏î‡∏±‡∏ô‡∏ô‡πå‡πÄ‡∏õ‡πá‡∏ô‡∏™‡∏≤‡∏ß‡∏°‡πâ‡∏≤‡πÄ‡∏ï‡πà‡∏≠,,"‡∏≠‡∏µ‡∏û‡∏ß‡∏Å‡πÅ‡∏°‡πà‡πÜ‡πÄ‡∏Ñ‡πâ‡∏≤‡πÄ‡∏õ‡πá‡∏ô‡πÑ‡∏£‡∏Å‡∏±‡∏ô‡∏≠‡∏∞
‡∏ñ‡πâ‡∏≤‡∏•‡∏π‡∏Å‡πÄ‡∏ó‡∏≠‡∏Ñ‡∏ß‡πà‡∏≥‡πÑ‡∏î‡πâ ‡∏•‡∏π‡∏Å‡∏ä‡∏±‡πâ‡∏ô‡∏Å‡πá‡∏Ñ‡∏•‡∏≤‡∏ô‡πÑ‡∏î‡πâ
‡∏ñ‡πâ‡∏≤‡∏•‡∏π‡∏Å‡πÄ‡∏ò‡∏≠‡πÄ‡∏Å‡∏≤‡∏∞‡∏¢‡∏∑‡∏ô‡πÑ‡∏î‡πâ ‡∏•‡∏π‡∏Å‡∏ä‡∏±‡πâ‡∏ô‡∏Å‡πá‡∏ß‡∏¥‡πà‡∏á‡πÑ‡∏î‡πâ‡πÅ‡∏•‡πâ‡∏ß
‡∏ï‡πà‡∏≤‡∏á‡∏Ñ‡∏ô‡∏ï‡πà‡∏≤‡∏á‡πÇ‡∏ï‡πÑ‡∏°‡πà‡πÑ‡∏î‡πâ‡πÄ‡∏•‡∏¢‡∏´‡∏£‡∏≠",th,[],[],[],0,0,0,[],[],https://twitter.com/amydunnexz/status/1628599303446081536,,,0,,,,,,,,"{'user_id': None, 'username': None}",,,,
1628599294071803904,1628596684057104384,2023-02-23 10:35:04 SE Asia Standard Time,2023-02-23,10:35:04,+0700,101562852,happiibabe,FreeSpiritüê±‚úåüèª,,@p_dream ‡πÄ‡∏°‡∏∑‡πà‡∏≠‡∏á‡∏≤‡∏ô‡πÄ‡∏ó‡∏≠‡πÑ‡∏î‡πâ‡πÄ‡∏´‡πá‡∏ô‡∏ô‡∏Ç‡∏≠‡∏á‡∏ô‡∏∏‡πâ‡∏á‡πÇ‡∏à‡∏¢‡∏õ‡∏∞ ‡πÄ‡∏ó‡∏≠‡∏à‡∏∞‡πÄ‡∏Ç‡πâ‡∏≤‡πÉ‡∏à‡∏Ñ‡∏ß‡∏≤‡∏°‡πÄ‡∏ö‡πâ‡∏≤‡πÅ‡∏ö‡∏Å‡∏ó‡∏µ‡πà‡∏ä‡∏±‡πâ‡∏ô‡∏û‡∏π‡∏î‡∏ñ‡∏∂‡∏á5555,th,['p_dream'],[],[],0,0,0,[],[],https://twitter.com/Happiibabe/status/1628599294071803904,,,0,,,,,,,,"{'user_id': '81623838', 'username': 'p_dream'}",,,,
1628599289881706496,1628599289881706496,2023-02-23 10:35:03 SE Asia Standard Time,2023-02-23,10:35:03,+0700,1313685338280271872,nayong_1,‡∏ñ‡∏±‡∏á‡πÅ‡∏ï‡∏Å‡∏°‡∏≤‡∏Ç‡∏≤‡∏¢ ‚Ä¢ ‡πÑ‡∏°‡πà‡∏ï‡∏≠‡∏ö‡πÄ‡∏Å‡∏¥‡∏ô‡∏™‡∏≠‡∏á‡∏ä‡∏±‡πà‡∏ß‡πÇ‡∏°‡∏á‡∏ó‡∏±‡∏Å‡∏ã‡πâ‡∏≥‡∏ô‡∏∞‡∏Ñ‡∏∞‚Ä¢,,‡πÄ‡∏ó‡∏£‡∏î‡∏ô‡∏µ‡πâ‡∏™‡πà‡∏á‡∏ï‡πà‡∏≠‡πÄ‡∏î‡∏£‡∏™ ‡πÄ‡∏™‡∏∑‡πâ‡∏≠‡∏Ñ‡∏£‡∏≠‡∏õ  ‡πÑ‡∏´‡∏°‡∏û‡∏£‡∏° ‡∏¢‡∏µ‡∏ô‡∏™‡πå ‡πÄ‡∏™‡∏∑‡πâ‡∏≠‡∏Ñ‡∏•‡∏∏‡∏° ‡∏£‡∏≤‡∏Ñ‡∏≤ 60 ‡∏ö‡∏≤‡∏ó ‡∏Ñ‡πà‡∏≤‡∏™‡πà‡∏á 35 ‡∏ï‡∏±‡∏ß‡∏ñ‡∏±‡∏î‡πÑ‡∏õ+5 ‡∏ö‡∏≤‡∏ó #‡∏™‡πà‡∏á‡∏ï‡πà‡∏≠‡πÄ‡∏™‡∏∑‡πâ‡∏≠‡∏ú‡πâ‡∏≤‡∏°‡∏∑‡∏≠‡∏™‡∏≠‡∏á #‡∏™‡πà‡∏á‡∏ï‡πà‡∏≠‡πÄ‡∏™‡∏∑‡πâ‡∏≠‡∏ú‡πâ‡∏≤‡∏°‡∏∑‡∏≠2 #‡∏™‡πà‡∏á‡∏ï‡πà‡∏≠‡∏Å‡∏£‡∏∞‡πÄ‡∏õ‡πã‡∏≤ #‡∏™‡πà‡∏á‡∏ï‡πà‡∏≠‡πÄ‡∏™‡∏∑‡πâ‡∏≠‡∏ú‡πâ‡∏≤‡∏°‡∏∑‡∏≠‡∏™‡∏≠‡∏á‡∏™‡∏†‡∏≤‡∏û‡∏î‡∏µ #‡∏™‡πà‡∏á‡∏ï‡πà‡∏≠‡∏Å‡∏£‡∏∞‡πÄ‡∏õ‡πã‡∏≤‡∏°‡∏∑‡∏≠‡∏™‡∏≠‡∏á #‡πÇ‡∏•‡πä‡∏∞‡∏ï‡∏π‡πâ‡πÄ‡∏™‡∏∑‡πâ‡∏≠‡∏ú‡πâ‡∏≤ #‡πÇ‡∏•‡πä‡∏∞‡∏ï‡∏π‡πâ,th,[],[],[],14,0,0,"['‡∏™‡πà‡∏á‡∏ï‡πà‡∏≠‡πÄ‡∏™‡∏∑‡πâ‡∏≠‡∏ú‡πâ‡∏≤‡∏°‡∏∑‡∏≠‡∏™‡∏≠‡∏á', '‡∏™‡πà‡∏á‡∏ï‡πà‡∏≠‡πÄ‡∏™‡∏∑‡πâ‡∏≠‡∏ú‡πâ‡∏≤‡∏°‡∏∑‡∏≠2', '‡∏™‡πà‡∏á‡∏ï‡πà‡∏≠‡∏Å‡∏£‡∏∞‡πÄ‡∏õ‡πã‡∏≤', '‡∏™‡πà‡∏á‡∏ï‡πà‡∏≠‡πÄ‡∏™‡∏∑‡πâ‡∏≠‡∏ú‡πâ‡∏≤‡∏°‡∏∑‡∏≠‡∏™‡∏≠‡∏á‡∏™‡∏†‡∏≤‡∏û‡∏î‡∏µ', '‡∏™‡πà‡∏á‡∏ï‡πà‡∏≠‡∏Å‡∏£‡∏∞‡πÄ‡∏õ‡πã‡∏≤‡∏°‡∏∑‡∏≠‡∏™‡∏≠‡∏á', '‡πÇ‡∏•‡πä‡∏∞‡∏ï‡∏π‡πâ‡πÄ‡∏™‡∏∑‡πâ‡∏≠‡∏ú‡πâ‡∏≤', '‡πÇ‡∏•‡πä‡∏∞‡∏ï‡∏π‡πâ']",[],https://twitter.com/Nayong_1/status/1628599289881706496,,,0,,,,,,,,"{'user_id': None, 'username': None}",,,,
1628599249394098176,1628289322536562689,2023-02-23 10:34:53 SE Asia Standard Time,2023-02-23,10:34:53,+0700,1509891162643255301,fnthesdi1xx,‡∏ô‡πâ‡∏≠‡∏á‡∏ù‡∏ô üÜî xx20love,,"#‡∏Ñ‡∏≠‡∏•‡πÄ‡∏™‡∏µ‡∏¢‡∏ß 
#‡∏£‡∏±‡∏ö‡∏Ñ‡∏≠‡∏•‡πÄ‡∏™‡∏µ‡∏¢‡∏ß

 ‚úÖ ‡πÄ‡∏´‡πá‡∏ô‡∏´‡∏°‡∏î ‡∏ñ‡∏≠‡∏î‡∏´‡∏°‡∏î ‡∏ï‡∏£‡∏á‡∏õ‡∏Å

#‡∏Ñ‡∏•‡∏≠‡πÄ‡∏™‡∏µ‡∏¢‡∏ß

‚úÖ ‡∏™‡∏±‡πà‡∏á‡πÑ‡∏î‡πâ ‡πÄ‡∏ó‡∏™‡πÑ‡∏î‡πâ üÜî xx20love",th,[],[],[],0,0,0,"['‡∏Ñ‡∏≠‡∏•‡πÄ‡∏™‡∏µ‡∏¢‡∏ß', '‡∏£‡∏±‡∏ö‡∏Ñ‡∏≠‡∏•‡πÄ‡∏™‡∏µ‡∏¢‡∏ß', '‡∏Ñ‡∏•‡∏≠‡πÄ‡∏™‡∏µ‡∏¢‡∏ß']",[],https://twitter.com/fnthesdi1xx/status/1628599249394098176,,,0,,,,,,,,"{'user_id': '1509891162643255301', 'username': 'fnthesdi1xx'}",,,,
1628599240460050433,1628599240460050433,2023-02-23 10:34:51 SE Asia Standard Time,2023-02-23,10:34:51,+0700,353055751,toeypnck,Áéã,,‡∏≠‡∏¢‡∏≤‡∏Å‡∏î‡∏π‡πÄ‡∏£‡∏∑‡πà‡∏≠‡∏á one and only ‡∏Ç‡∏≠‡∏á‡∏õ‡πã‡∏≠‡∏°‡∏≤‡∏Å ‡∏´‡∏ô‡∏±‡∏á‡πÅ‡∏ô‡∏ß‡∏ô‡∏µ‡πâ‡∏Ñ‡∏∑‡∏≠‡πÄ‡∏ó‡∏™‡πÄ‡∏•‡∏¢,th,[],[],[],0,0,0,[],[],https://twitter.com/toeypnck/status/1628599240460050433,,,0,,,,,,,,"{'user_id': None, 'username': None}",,,,
1628599235766808578,1628599235766808578,2023-02-23 10:34:50 SE Asia Standard Time,2023-02-23,10:34:50,+0700,1474732602351185922,dxntcopymyspace,IhaveagoodpartforU.,,‡∏°‡∏≤‡∏£‡πå‡∏Ñ‡∏•‡∏á‡∏£‡∏π‡∏õ‡∏á‡∏≤‡∏ô‡πÄ‡∏ó‡∏≠‡∏°‡∏¥‡∏ô‡∏≠‡∏•‡πÉ‡∏ô‡πÅ‡∏≠‡∏û ‡∏ô‡πà‡∏≤‡∏£‡∏±‡∏Å‡∏°‡∏≤‡∏Å‡∏á‡∏∑‡πâ‡∏≠‡∏≠‡∏≠‡∏≠‡∏≠ ‡∏û‡∏µ‡πà‡∏£‡∏π‡πâ‡∏°‡∏±‡πâ‡∏¢ ‡∏´‡∏ô‡∏π‡∏Ñ‡∏¥‡∏î‡∏ñ‡∏∂‡∏á‡∏û‡∏µ‡πà‡∏°‡∏≤‡∏Å‡πÜ‡πÄ‡∏•‡∏¢ü´∂üèªüíöü§ç,th,[],[],[],0,0,0,[],[],https://twitter.com/dxntcopymyspace/status/1628599235766808578,,,0,,,,,,,,"{'user_id': None, 'username': None}",,,,
1628599202585645057,1628599202585645057,2023-02-23 10:34:42 SE Asia Standard Time,2023-02-23,10:34:42,+0700,817035427097952257,ohlittlezz,‡∏•‡∏¥‡∏ï‡πÄ‡∏ï‡∏¥‡πâ‡∏• ft.‚ùÑÔ∏èüß£üéÑ,,‡∏™‡∏±‡πà‡∏á‡∏ã‡∏±‡∏ö‡πÄ‡∏ß‡∏¢‡πå‡∏°‡∏≤‡∏Å‡∏¥‡∏ô ‡πÑ‡∏Å‡πà‡∏´‡∏°‡πà‡∏≤‡∏•‡πà‡∏≤‡πÄ‡∏Ñ‡πá‡∏°‡∏°‡∏≤‡∏Å ‡∏•‡∏∞‡πÄ‡∏£‡∏≤‡πÄ‡∏û‡∏¥‡πà‡∏°‡∏ä‡∏µ‡∏™‡∏≠‡∏µ‡∏Å ‡πÄ‡∏Ñ‡πá‡∏°‡∏Ñ‡∏π‡∏ì‡∏™‡∏¥‡∏ö ‡∏Ç‡∏ô‡∏≤‡∏î‡πÄ‡∏õ‡πá‡∏ô‡∏Ñ‡∏ô‡∏ä‡∏≠‡∏ö‡∏Å‡∏¥‡∏ô‡πÄ‡∏Ñ‡πá‡∏° ‡∏ô‡∏±‡πà‡∏á‡∏£‡πâ‡∏≠‡∏á‡πÑ‡∏´‡πâ‡∏•‡∏∞ ‡∏à‡∏∞‡πÑ‡∏°‡πà‡∏ô‡∏≠‡∏Å‡πÉ‡∏à‡πÄ‡∏ó‡∏≠‡∏£‡∏¥‡∏¢‡∏≤‡∏Å‡∏¥‡πÅ‡∏•‡πâ‡∏ß ‡∏™‡∏±‡∏ç‡∏ç‡∏≤‡πÜ,th,[],[],[],0,0,0,[],[],https://twitter.com/Ohlittlezz/status/1628599202585645057,,,0,,,,,,,,"{'user_id': None, 'username': None}",,,,
1628599199939063808,1628599199939063808,2023-02-23 10:34:41 SE Asia Standard Time,2023-02-23,10:34:41,+0700,1298161316616499200,pumpum2804,PUM PUM üòªüß°,,"‡∏ó‡∏∏‡∏Å‡∏Ñ‡∏ô‡∏û‡∏£‡∏∏‡πà‡∏á‡∏ô‡∏µ‡πâ‡πÄ‡∏£‡∏≤‡∏°‡∏µ‡∏ô‡∏±‡∏î‡∏Å‡∏±‡∏ô‡∏Ñ‡πà‡∏∞ ‡∏°‡∏≤‡∏£‡πà‡∏ß‡∏°‡∏≠‡∏ß‡∏¢‡∏û‡∏£‡∏ß‡∏±‡∏ô‡πÄ‡∏Å‡∏¥‡∏î‡∏ô‡πâ‡∏≠‡∏ô‡∏≠‡∏≤‡πÇ‡∏õ‡∏Ñ‡∏ô‡∏ô‡πà‡∏≤‡∏£‡∏±‡∏Å üòç‡πÉ‡∏Ñ‡∏£‡∏™‡∏∞‡∏î‡∏ß‡∏Å‡∏î‡∏£‡πä‡∏≤‡∏ü‡∏ó‡∏ß‡∏¥‡∏ï‡πÑ‡∏ß‡πâ‡πÄ‡∏•‡∏¢‡∏Ñ‡πà‡∏∞ ‡∏û‡∏£‡∏∏‡πà‡∏á‡∏ô‡∏µ‡πâ‡∏à‡∏∞‡πÑ‡∏î‡πâ‡πÄ‡∏ó‡∏£‡∏ô‡πÅ‡∏ó‡∏£‡πá‡∏Å‡πÅ‡∏ö‡∏ö‡∏£‡∏±‡∏ß‡πÜ ‡πÄ‡∏û‡∏∑‡πà‡∏≠‡∏ô‡πâ‡∏≠‡∏ô‡∏≠‡∏≤‡πÇ‡∏õ‡∏î‡∏ß‡∏á‡πÉ‡∏à‡∏Ç‡∏≠‡∏á‡∏î‡πâ‡∏≠‡∏°‡∏à‡πâ‡∏≤‡∏≤‡∏≤ üíõ

24-02-2023
APO Nattawin Birthday 2023 

‚ñ∂Ô∏è08:20 ‡∏ô. (GMT+7)
üëâüèª# NATTAWINDAY2023 

@Nnattawin1 #Nnattawin 
#apocolleagues https://t.co/nVgHlW1zVY",th,['nnattawin1'],[],['https://pbs.twimg.com/media/FpnwRVvacAA3AYx.jpg'],1,4,0,"['nnattawin', 'apocolleagues']",[],https://twitter.com/PUMPUM2804/status/1628599199939063808,,,1,https://pbs.twimg.com/media/FpnwRVvacAA3AYx.jpg,,,,,,,"{'user_id': None, 'username': None}",,,,
1628599184189444096,1628599184189444096,2023-02-23 10:34:38 SE Asia Standard Time,2023-02-23,10:34:38,+0700,1094199918443425793,buttercakee22,bbuttercakee,,"‡πÄ‡∏ó‡∏£‡∏î‡πÇ‡∏•‡πä‡∏∞‡∏°‡∏±‡∏á‡∏á‡∏∞‡∏ö‡∏á‡∏Å‡∏ä ‡∏£‡∏≤‡∏Ñ‡∏≤‡πÄ‡∏ö‡∏≤‡πÜ‡πÄ‡∏•‡∏¢‡∏Ñ‡πâ‡∏≤‡∏ö
-‡∏≠‡∏≤‡∏à‡∏≤‡∏£‡∏¢‡πå‡∏™‡∏∏‡∏î‡∏ó‡∏µ‡πà‡πÄ‡∏•‡∏¥‡∏ü ‡πÄ‡∏•‡πà‡∏°1-3(‡∏à‡∏ö‡πÅ‡∏•‡πâ‡∏ß) 230‡∏ø 
-‡∏•‡πá‡∏≠‡∏Ñ‡∏´‡∏±‡∏ß‡πÉ‡∏à‡∏ô‡∏≤‡∏¢‡∏≠‡∏≤‡πÄ‡∏ö‡∏∞ ‡πÄ‡∏•‡πà‡∏°1-4  250‡∏ø
-‡∏Æ‡∏≤‡πÄ‡∏£‡πá‡∏°‡∏£‡∏±‡∏Å‡∏Ç‡∏≠‡∏á‡∏ó‡πà‡∏≤‡∏ô‡∏ä‡∏µ‡∏Ñ ‡πÄ‡∏•‡πà‡∏°1-4 .
230‡∏ø(‡πÅ‡∏ñ‡∏°‡πÇ‡∏õ‡∏™‡∏Å‡∏≤‡∏£‡πå‡∏î)

#‡∏ï‡∏•‡∏≤‡∏î‡∏ô‡∏±‡∏î‡∏≠‡∏ô‡∏¥‡πÄ‡∏°‡∏∞ #‡∏ï‡∏•‡∏≤‡∏î‡∏ô‡∏±‡∏î‡∏°‡∏±‡∏á‡∏á‡∏∞ #‡∏ï‡∏•‡∏≤‡∏î‡∏ô‡∏±‡∏î‡∏°‡∏±‡∏á‡∏á‡∏∞‡∏°‡∏∑‡∏≠‡∏™‡∏≠‡∏á #‡∏ï‡∏•‡∏≤‡∏î‡∏ô‡∏±‡∏î‡∏≠‡∏ô‡∏¥‡πÄ‡∏°‡∏∞‡∏£‡∏ß‡∏°‡∏î‡πâ‡∏≠‡∏° #‡∏ï‡∏•‡∏≤‡∏î‡∏ô‡∏±‡∏î‡∏°‡∏±‡∏á‡∏á‡∏∞ #‡∏°‡∏±‡∏á‡∏á‡∏∞‡∏°‡∏∑‡∏≠‡∏™‡∏≠‡∏á #‡∏°‡∏±‡∏á‡∏á‡∏∞‡∏°‡∏∑‡∏≠‡∏™‡∏≠‡∏á‡∏™‡∏†‡∏≤‡∏û‡∏î‡∏µ ‚Äú.",th,[],[],[],0,0,0,"['‡∏ï‡∏•‡∏≤‡∏î‡∏ô‡∏±‡∏î‡∏≠‡∏ô‡∏¥‡πÄ‡∏°‡∏∞', '‡∏ï‡∏•‡∏≤‡∏î‡∏ô‡∏±‡∏î‡∏°‡∏±‡∏á‡∏á‡∏∞', '‡∏ï‡∏•‡∏≤‡∏î‡∏ô‡∏±‡∏î‡∏°‡∏±‡∏á‡∏á‡∏∞‡∏°‡∏∑‡∏≠‡∏™‡∏≠‡∏á', '‡∏ï‡∏•‡∏≤‡∏î‡∏ô‡∏±‡∏î‡∏≠‡∏ô‡∏¥‡πÄ‡∏°‡∏∞‡∏£‡∏ß‡∏°‡∏î‡πâ‡∏≠‡∏°', '‡∏ï‡∏•‡∏≤‡∏î‡∏ô‡∏±‡∏î‡∏°‡∏±‡∏á‡∏á‡∏∞', '‡∏°‡∏±‡∏á‡∏á‡∏∞‡∏°‡∏∑‡∏≠‡∏™‡∏≠‡∏á', '‡∏°‡∏±‡∏á‡∏á‡∏∞‡∏°‡∏∑‡∏≠‡∏™‡∏≠‡∏á‡∏™‡∏†‡∏≤‡∏û‡∏î‡∏µ']",[],https://twitter.com/buttercakee22/status/1628599184189444096,,https://twitter.com/buttercakee22/status/1627656778191368192,0,,,,,,,,"{'user_id': None, 'username': None}",,,,
1628599177902161920,1628599177902161920,2023-02-23 10:34:36 SE Asia Standard Time,2023-02-23,10:34:36,+0700,1519103728586211328,bbtforsell_,‡∏ö‡∏µ‡∏ó‡∏µ‡πã üêá /‡∏û‡∏£‡πâ‡∏≠‡∏°‡πÇ‡∏≠‡∏ô‡∏•‡∏î‡πÑ‡∏î‡πâ,,"üå∑ Íí∞ ‡∏û‡∏£‡πâ‡∏≠‡∏°‡∏™‡πà‡∏á | wts Íí± 

‚ô° ‡∏Å‡∏≠‡∏á‡πÄ‡∏´‡∏°‡∏≤ 10 ‡πÉ‡∏ö 650‡∏ø
‡∏Ç‡∏≤‡∏¢‡πÄ‡∏ó‡πÅ‡∏•‡πâ‡∏ß‡∏Ñ‡πà‡∏≤ ‡∏´‡∏≤‡∏£‡πÅ‡∏•‡πâ‡∏ß‡∏ï‡∏Å‡∏≠‡∏¢‡∏π‡πà‡∏ó‡∏µ‡πà‡πÉ‡∏ö‡∏•‡∏∞ 65‡∏ø ‡∏Ñ‡πà‡∏≤
‚ô° ‡∏à‡∏≠‡∏´‡πå‡∏ô‡∏ô‡∏µ‡πà / ‡∏¢‡∏π‡∏ï‡∏∞ / ‡∏à‡∏≠‡∏á‡∏≠‡∏π / ‡πÅ‡∏Æ‡∏ä‡∏≤‡∏ô / ‡πÄ‡∏Æ‡∏ô‡πÄ‡∏î‡∏≠‡∏£‡∏µ‡πà

üìÆ free shipping
‡∏£‡∏±‡∏ö‡∏ú‡πà‡∏≠‡∏ô | ‡∏£‡∏±‡∏ö‡∏ß‡∏≠‡∏•‡πÄ‡∏•‡∏ó (+5‡∏ø)
‡∏™‡∏ô‡πÉ‡∏à dm/mt ‡πÑ‡∏î‡πâ‡πÄ‡∏•‡∏¢‡∏Ñ‡πà‡∏≤ üêá
#‡∏ï‡∏•‡∏≤‡∏î‡∏ô‡∏±‡∏înct #‡∏ï‡∏•‡∏≤‡∏î‡∏ô‡∏±‡∏înct127 #‡∏ï‡∏•‡∏≤‡∏î‡∏ô‡∏±‡∏înctdream #‡∏ï‡∏•‡∏≤‡∏î‡∏ô‡∏±‡∏îwayv #‡∏ï‡∏•‡∏≤‡∏î‡∏ô‡∏±‡∏î‡∏≠‡∏ã‡∏ó",th,[],[],[],0,0,0,"['‡∏ï‡∏•‡∏≤‡∏î‡∏ô‡∏±‡∏înct', '‡∏ï‡∏•‡∏≤‡∏î‡∏ô‡∏±‡∏înct127', '‡∏ï‡∏•‡∏≤‡∏î‡∏ô‡∏±‡∏înctdream', '‡∏ï‡∏•‡∏≤‡∏î‡∏ô‡∏±‡∏îwayv', '‡∏ï‡∏•‡∏≤‡∏î‡∏ô‡∏±‡∏î‡∏≠‡∏ã‡∏ó']",[],https://twitter.com/bbtforsell_/status/1628599177902161920,,https://twitter.com/bbtforsell_/status/1628308463834263552,0,,,,,,,,"{'user_id': None, 'username': None}",,,,
1628599176304152576,1628599176304152576,2023-02-23 10:34:36 SE Asia Standard Time,2023-02-23,10:34:36,+0700,4843663699,idolkawaii24,‡∏™‡∏∞‡πÄ‡∏ï‡∏ú‡∏π‡πâ‡πÄ‡∏´‡∏ô‡πá‡∏î‡πÄ‡∏´‡∏ô‡∏∑‡πà‡∏≠‡∏¢ ft.‡∏à‡∏∞‡πÑ‡∏î‡πâ‡πÄ‡∏à‡∏≠‡∏ô‡πâ‡∏≠‡∏á‡πÅ‡∏à‡∏¢‡πâ‡∏≠‡∏Å‡∏ô‡πâ‡∏≠‡∏á‡πÇ‡∏ï‡∏∞,,‡∏≠‡∏∏‡∏ï‡∏™‡πà‡∏≤‡∏´‡πå‡∏õ‡∏•‡πà‡∏≠‡∏¢‡πÅ‡∏ö‡∏ö‡πÑ‡∏°‡πà‡∏≠‡∏±‡∏û ‡πÑ‡∏°‡πà‡∏°‡∏±‡∏î‡∏à‡∏≥ ‡∏ô‡∏±‡∏î‡πÄ‡∏à‡∏≠‡∏à‡πà‡∏≤‡∏¢ ‡∏Å‡πá‡∏¢‡∏±‡∏á‡πÇ‡∏î‡∏ô‡πÄ‡∏ó ‡πÄ‡∏™‡∏µ‡∏¢‡πÄ‡∏ß‡∏•‡∏≤‡∏ä‡∏µ‡∏ß‡∏¥‡∏ï‡∏°‡∏≤‡∏Å ‡∏ó‡∏µ‡∏û‡∏ß‡∏Å‡πÇ‡∏Å‡∏á‡∏ö‡∏±‡∏ï‡∏£‡∏≠‡∏∞ ‡∏ã‡∏∑‡πâ‡∏≠‡πÄ‡∏≠‡∏≤‡πÜ ‡∏ó‡∏≥‡πÑ‡∏°‡∏ä‡∏µ‡∏ß‡∏¥‡∏ï‡∏£‡∏±‡∏ô‡∏ó‡∏î‡πÄ‡∏ö‡∏≠‡∏£‡πå‡∏ô‡∏µ‡πâ‡∏ß‡∏∞,th,[],[],[],0,0,1,[],[],https://twitter.com/idolkawaii24/status/1628599176304152576,,,0,,,,,,,,"{'user_id': None, 'username': None}",,,,
1628599151234777089,1628599151234777089,2023-02-23 10:34:30 SE Asia Standard Time,2023-02-23,10:34:30,+0700,980102281356967941,pornsibpad,( ‡∏Ñ‡∏¥‡∏î‡∏ñ‡∏∂‡∏á‡πÄ‡∏°‡∏µ‡∏¢‡∏¢‡∏¢! )‡πÄ‡∏ó‡πÄ‡∏•‡∏ó‡∏±‡∏ö‡∏ö‡∏µ‡πâ‡∏°‡∏µ‡∏û‡∏≠‡∏£‡πå‡∏ô‡∏™‡∏ß‡∏£‡∏£‡∏Ñ‡πå,,‡∏¢‡∏±‡∏á‡πÑ‡∏°‡πà‡πÄ‡∏Ñ‡∏¢‡πÄ‡∏Ç‡∏µ‡∏¢‡∏ô‡πÉ‡∏´‡πâ‡∏≠‡∏¢‡∏π‡πà‡∏°‡∏´‡∏≤‡∏•‡∏±‡∏¢ ‡πÅ‡∏ï‡πà‡∏Ñ‡∏á‡πÇ‡∏ö‡∏£‡∏≤‡∏ì‡∏Ñ‡∏î‡∏µ‡∏≠‡∏∞ ‡∏Ñ‡∏ì‡∏∞‡∏ó‡∏µ‡πà‡πÄ‡∏£‡∏µ‡∏¢‡∏ô‡∏ô‡πà‡∏≤‡∏à‡∏∞‡πÅ‡∏ï‡πà‡∏á‡∏≠‡∏≠‡∏Å‡∏°‡∏≤‡πÑ‡∏î‡πâ‡∏î‡∏µ‡∏™‡∏∏‡∏î,th,[],[],[],0,0,0,[],[],https://twitter.com/pornsibpad/status/1628599151234777089,,https://twitter.com/sunnybeamw/status/1549432375267823616,0,,,,,,,,"{'user_id': None, 'username': None}",,,,
1628599125808914432,1626806425401069569,2023-02-23 10:34:24 SE Asia Standard Time,2023-02-23,10:34:24,+0700,1189927704851664896,luciathebear,‡∏•‡∏π‡∏ã | RhynFerüßã| ‡πÄ‡∏à‡πâ‡∏≤‡∏ï‡∏≠‡∏á ‡∏Å‡∏≠‡∏á‡∏î‡∏≠‡∏á ‡πÅ‡∏•‡∏∞‡∏Å‡∏≠‡∏á‡∏á‡∏≤‡∏ô‚ú®,,@b_borbor ‡πÇ‡∏≠‡∏¢‡∏¢‡∏¢ ‡πÄ‡∏£‡∏≤‡∏´‡∏≤‡∏¢‡πÑ‡∏õ‡∏ó‡∏≥‡∏á‡∏≤‡∏ô ‡∏°‡∏µ‡∏≠‡∏∞‡πÑ‡∏£‡πÄ‡∏Å‡∏¥‡∏î‡∏Ç‡∏∂‡πâ‡∏ô‡πÄ‡∏¢‡∏≠‡∏∞‡πÅ‡∏¢‡∏∞‡πÄ‡∏•‡∏¢ ‡πÇ‡∏≠‡πã‡πÜ ‡∏Ñ‡∏∏‡∏ì‡∏ö‡∏ö.‡∏ô‡∏∞‡∏Ñ‡∏∞ ‡πÄ‡∏ó‡∏Ñ‡πÅ‡∏Ñ‡∏£‡πå‡∏°‡∏≤‡∏Å‡πÜ ‡∏Ñ‡πà‡∏∞ ü•π,th,['b_borbor'],[],[],0,0,0,[],[],https://twitter.com/LuciaTheBear/status/1628599125808914432,,,0,,,,,,,,"{'user_id': '1225379370610511872', 'username': 'b_borbor'}",,,,
1628599109438558208,1628599109438558208,2023-02-23 10:34:20 SE Asia Standard Time,2023-02-23,10:34:20,+0700,1419768043,winnewdunkyimlv,üå∑Êó©‰∏Ω ‡∏â‡∏π‡∏â‡∏π‡πà‡∏Ç‡∏≠‡∏á‡∏ô‡∏∏‡∏ô‡∏¥‡∏ß,,‡∏Ñ‡∏ô‡πÄ‡∏ó‡∏ö‡∏±‡∏ï‡∏£‡πÄ‡∏¢‡∏≠‡∏∞‡∏°‡∏≤‡∏Å‡πÄ‡∏•‡∏¢ ‡∏ñ‡πâ‡∏≤‡∏â‡∏±‡∏ô‡πÄ‡∏ó‡∏≠‡∏µ‡∏Å‡∏•‡πà‡∏∞,th,[],[],[],0,0,0,[],[],https://twitter.com/winnewdunkyimlV/status/1628599109438558208,,,0,,,,,,,,"{'user_id': None, 'username': None}",,,,
1628599083601641472,1628425772104032256,2023-02-23 10:34:14 SE Asia Standard Time,2023-02-23,10:34:14,+0700,482606432,peachploy_04,‡∏û‡∏≠‡∏û‡∏≠üê±üê∂ Rest,,@Wa_Ra0509 ‡πÑ‡∏°‡πà‡πÄ‡∏õ‡πá‡∏ô‡πÑ‡∏£‡∏ô‡∏∞‡πÄ‡∏ó‡∏≠ ‡∏ï‡πâ‡∏≠‡∏á‡∏°‡∏µ‡∏™‡∏±‡∏Å‡∏ß‡∏±‡∏ô,th,['wa_ra0509'],[],[],0,0,0,[],[],https://twitter.com/peachploy_04/status/1628599083601641472,,,0,,,,,,,,"{'user_id': '1384895192205987848', 'username': 'Wa_Ra0509'}",,,,
1628599082804723712,1628599082804723712,2023-02-23 10:34:13 SE Asia Standard Time,2023-02-23,10:34:13,+0700,1583916705159720960,whoisklao,boy in red,,‡πÅ‡∏ï‡πà‡πÄ‡∏ò‡∏≠‡πÄ‡∏ó‡∏ó‡∏¥‡πâ‡∏á,th,[],[],[],0,0,0,[],[],https://twitter.com/whoisklao/status/1628599082804723712,,https://twitter.com/ryk3rsw1ft/status/1628300647954251777,0,,,,,,,,"{'user_id': None, 'username': None}",,,,
1628599080636289024,1628599080636289024,2023-02-23 10:34:13 SE Asia Standard Time,2023-02-23,10:34:13,+0700,146535680,beliaveinlove,‚úøÀíÀí.ùêåùëúùëúùêòùë¢ùëñùëñÂΩ°ùêåùêì: üçã .. Íïä,,‡∏°‡∏≤‡∏£‡πå‡∏Ñ‡∏•‡∏á‡∏Ñ‡∏•‡∏¥‡∏õ‡∏•‡∏π‡∏õ‡∏´‡∏±‡∏ß‡∏™‡πÅ‡∏ï‡∏ô‡∏î‡∏µ‡πâ‡πÉ‡∏ô‡∏ó‡∏µ‡πà‡∏á‡∏≤‡∏ô‡πÄ‡∏ó‡∏≠‡∏°‡∏¥‡∏ô‡∏≠‡∏• ‡πÉ‡∏ô‡πÅ‡∏≠‡∏û‡∏°‡∏≤‡∏£‡πå‡∏Ñ ü•πü•πü•πü•π‡∏ô‡πà‡∏≤‡∏£‡∏±‡∏Å‡∏Å‡∏Å,th,[],[],[],0,0,1,[],[],https://twitter.com/Beliaveinlove/status/1628599080636289024,,,0,,,,,,,,"{'user_id': None, 'username': None}",,,,
1628599068351135745,1628599068351135745,2023-02-23 10:34:10 SE Asia Standard Time,2023-02-23,10:34:10,+0700,978602177735241729,saraphusqdsh,GEMU ‚òÄÔ∏èüåï üè≥Ô∏è‚Äçüåà,,‡∏≠‡∏¢‡∏≤‡∏Å‡∏≠‡πà‡∏≤‡∏ô‡πÄ‡∏ã‡∏ï‡∏ï‡∏¥‡πâ‡∏á‡∏Ñ‡∏ì‡∏£.‡∏ô‡∏±‡∏Å‡∏õ‡∏è‡∏¥‡∏ß‡∏±‡∏ï‡∏¥‡∏°‡∏±‡∏ô‡∏™‡πå‡πÜ‡πÄ‡∏ó‡∏ô‡∏ä‡∏±‡πà‡∏ô‡∏™‡∏π‡∏á‡πÜ‡πÅ‡∏ã‡πà‡∏ö‡πÜ üò≠üò≠üò≠,th,[],[],[],1,0,1,[],[],https://twitter.com/SaraphusQdsh/status/1628599068351135745,,,0,,,,,,,,"{'user_id': None, 'username': None}",,,,
1628599044535902209,1628599044535902209,2023-02-23 10:34:04 SE Asia Standard Time,2023-02-23,10:34:04,+0700,1531831249161306113,myfantasyboys_,‡∏´‡∏ô‡∏∏‡πà‡∏°‡πÅ‡∏ü‡∏ô‡∏ï‡∏≤‡∏ã‡∏µ #FANTASYBOYS,,"[üë•] ‡πÄ‡∏´‡∏•‡πà‡∏≤‡πÄ‡∏ó‡∏£‡∏ô‡πÄ‡∏ô‡∏≠‡∏£‡πå‡∏°‡∏≤‡∏Å‡∏õ‡∏£‡∏∞‡∏™‡∏ö‡∏Å‡∏≤‡∏£‡∏ì‡πå‡∏ó‡∏µ‡πà‡∏à‡∏∞‡∏°‡∏≤‡∏û‡∏±‡∏í‡∏ô‡∏≤‡∏™‡∏Å‡∏¥‡∏•‡∏Ç‡∏≠‡∏á‡∏´‡∏ô‡∏∏‡πà‡∏°‡πÜ FANTASY BOYS

#ÏÜåÎÖÑÌåêÌÉÄÏßÄ #FANTASYBOYS https://t.co/3dLXZpFIUl",th,[],[],"['https://pbs.twimg.com/media/FpnyMciacAAutzO.jpg', 'https://pbs.twimg.com/media/FpnyMckaEAAp6fC.jpg', 'https://pbs.twimg.com/media/FpnyMchacAEPe0P.jpg']",0,6,0,"['ÏÜåÎÖÑÌåêÌÉÄÏßÄ', 'fantasyboys']",[],https://twitter.com/myfantasyboys_/status/1628599044535902209,,,1,https://pbs.twimg.com/media/FpnyMciacAAutzO.jpg,,,,,,,"{'user_id': None, 'username': None}",,,,
1628599043835432960,1628599043835432960,2023-02-23 10:34:04 SE Asia Standard Time,2023-02-23,10:34:04,+0700,4646378292,mariartsgirl,‡∏°‡∏±‡∏°‡∏´‡∏°‡∏≤‡∏°‡∏±‡∏°‡πÅ‡∏°‡∏ß üçÄ,,‡πÑ‡∏°‡πà‡∏≠‡∏¢‡∏≤‡∏Å‡πÄ‡∏ó‡∏£‡∏ô‡∏•‡∏π‡∏Å‡∏Ñ‡πâ‡∏≤ ‡∏≠‡∏¢‡∏≤‡∏Å‡∏Å‡∏•‡∏±‡∏ö‡∏ö‡πâ‡∏≤‡∏ô,th,[],[],[],0,0,0,[],[],https://twitter.com/mariartsgirl/status/1628599043835432960,,,0,,,,,,,,"{'user_id': None, 'username': None}",,,,
1628599036277317635,1628512946367401985,2023-02-23 10:34:02 SE Asia Standard Time,2023-02-23,10:34:02,+0700,1306065036603875328,tunamayooooooz,ìÜù,,@tyouzii ‡∏´‡∏∂ ‡∏ä‡∏±‡πâ‡∏ô‡∏°‡∏±‡πà‡∏¢‡∏á‡πâ‡∏≠‡πÄ‡∏ó‡∏≠‡∏´‡∏£‡∏≠‡∏Å ‡πÄ‡∏ó‡∏≠‡∏ó‡∏¥‡πâ‡∏á‡∏ä‡∏±‡πâ‡∏ô‡πÑ‡∏î‡πâ‡∏•‡∏á‡∏Ñ‡∏≠üôèüèªüöóüëÅÔ∏è,th,['tyouzii'],[],[],0,0,0,[],[],https://twitter.com/tunamayooooooz/status/1628599036277317635,,,0,,,,,,,,"{'user_id': '1535690518234923008', 'username': 'tyouzii'}",,,,
1628599032112386048,1628599032112386048,2023-02-23 10:34:01 SE Asia Standard Time,2023-02-23,10:34:01,+0700,1570406008505372674,jexdaxanp,‡πÇ‡∏ä‡∏£‡∏ß‡∏¢,,‡∏Ñ‡∏¥‡∏î‡∏†‡∏≤‡∏û‡∏ô‡πâ‡∏≠‡∏á‡∏•‡∏µ‡∏ô‡∏≠‡∏¢‡∏≤‡∏Å‡πÑ‡∏õ‡∏ä‡πà‡∏ß‡∏¢‡∏û‡∏µ‡πà‡πÄ‡∏ó‡∏£‡∏¢‡πå ‡πÅ‡∏ï‡πà‡∏û‡∏µ‡πà‡πÄ‡∏ó‡∏£‡∏¢‡πå‡πÑ‡∏°‡πà‡∏¢‡∏≠‡∏°‡πÉ‡∏´‡πâ‡πÑ‡∏õ‡πÄ‡∏û‡∏£‡∏≤‡∏∞‡πÄ‡∏õ‡πá‡∏ô‡∏´‡πà‡∏ß‡∏á‡πÑ‡∏°‡πà‡∏≠‡∏¢‡∏≤‡∏Å‡πÉ‡∏´‡πâ‡∏ô‡πâ‡∏≠‡∏á‡πÑ‡∏õ‡πÄ‡∏à‡∏≠‡∏≠‡∏∞‡πÑ‡∏£‡πÅ‡∏ö‡∏ö‡∏ô‡∏±‡πâ‡∏ô ‡πÅ‡∏•‡πâ‡∏ß‡∏ô‡πâ‡∏≠‡∏á‡∏ó‡∏≥‡∏´‡∏ô‡πâ‡∏≤‡∏´‡∏á‡∏∂‡πÉ‡∏™‡πà ‡∏Æ‡∏∑‡∏≠‡πÜ‡πÜ‡πÜ‡πÜü•π,th,[],[],[],0,0,0,[],[],https://twitter.com/jexdaxanp/status/1628599032112386048,,,0,,,,,,,,"{'user_id': None, 'username': None}",,,,
1628598985765298177,1628598985765298177,2023-02-23 10:33:50 SE Asia Standard Time,2023-02-23,10:33:50,+0700,1239587934677811201,nttmn3,‚ãÜ‚Å∫.‡∏ô‡∏≠‡∏ó‡∏≠üå∑,,‡πÄ‡∏ó‡∏™‡∏≠‡∏¥‡πâ‡∏á ‡∏ô‡πà‡∏≤‡∏à‡∏∞‡∏Ç‡∏≠‡∏á‡∏≠‡∏ü. ‡∏Ñ‡∏∞‡πÅ‡∏ô‡∏ô‡∏Å‡∏π‡∏≠‡∏≠‡∏Å‡∏°‡∏≤‡πÄ‡∏´‡∏µ‡πâ‡∏¢‡∏°‡∏≤‡∏Å‡∏Ñ‡πà‡∏∞‡∏Ñ‡∏∏‡∏ô‡∏ú‡∏π‡πâ‡∏ä‡∏°555555 ‡πÅ‡∏ï‡πà‡∏≠‡∏¢‡πà‡∏≤‡∏á‡∏ô‡πâ‡∏≠‡∏¢‡∏°‡∏µ‡∏≠‡∏±‡∏ô‡∏ô‡∏∂‡∏á‡πÑ‡∏î‡πâ‡πÄ‡∏≠2ü•π https://t.co/jcOzXllM0o,th,[],[],['https://pbs.twimg.com/media/FpnyJFzaMAEkHdE.jpg'],0,0,0,[],[],https://twitter.com/nttmn3/status/1628598985765298177,,,1,https://pbs.twimg.com/media/FpnyJFzaMAEkHdE.jpg,,,,,,,"{'user_id': None, 'username': None}",,,,
1628598934569619457,1628598934569619457,2023-02-23 10:33:38 SE Asia Standard Time,2023-02-23,10:33:38,+0700,1258380771187765253,mmbebe57,HELLO ‡πÄ‡∏ó‡∏£‡πÄ‡∏ä‡∏≠‡∏£‡πå‡∏•‡∏π‡∏Å‡∏ó‡∏∏‡∏Å‡∏™‡∏ñ‡∏≤‡∏ö‡∏±‡∏ô üíé‚ú®,,https://t.co/xHWksh2Tjt,zxx,[],['https://youtu.be/qgdxFmvz2ew'],[],0,0,0,[],[],https://twitter.com/mmbebe57/status/1628598934569619457,,,0,,,,,,,,"{'user_id': None, 'username': None}",,,,
1628598916433477633,1628598916433477633,2023-02-23 10:33:34 SE Asia Standard Time,2023-02-23,10:33:34,+0700,1265541226285215745,pan_ltn,‡∏à‡∏∏‡∏ô‡πÄ‡∏°‡∏ßüê±üéß,,‡∏ù‡∏≤‡∏Å‡πÄ‡∏ó‡∏£‡πÄ‡∏ä‡∏≠‡∏£‡πå‡∏ã‡∏∑‡πâ‡∏≠‡∏£‡∏≠‡∏á‡πÄ‡∏ó‡πâ‡∏≤‡πÑ‡∏î‡πâ‡∏°‡∏±‡πâ‡∏¢ ‡∏Å‡∏≥‡∏•‡∏±‡∏á‡∏î‡∏π‡πÜ‡πÑ‡∏õ‡∏Ñ‡∏≠‡∏ô‡πÄ‡∏•‡∏¢ https://t.co/4v3pQ820uF,th,[],[],['https://pbs.twimg.com/media/FpnyE98aUAA_0Ba.jpg'],0,0,0,[],[],https://twitter.com/Pan_ltn/status/1628598916433477633,,,1,https://pbs.twimg.com/media/FpnyE98aUAA_0Ba.jpg,,,,,,,"{'user_id': None, 'username': None}",,,,
1628598913849778177,1628598913849778177,2023-02-23 10:33:33 SE Asia Standard Time,2023-02-23,10:33:33,+0700,1043499839806365697,_thathaj,‡∏à‡∏± ‡∏Å ‡∏£ ‡∏¢ ‡∏≤ ‡∏ô ‡πÄ ‡∏• ‡∏≠ ‡∏Å ‡∏≤ ‡∏î ‡∏≠ ‡∏á ‡∏õ ‡∏≠ ‡∏á ‡πÅ ‡∏õ ‡∏á,,‡∏ô‡πâ‡∏≠‡∏á‡∏õ‡∏≠‡∏ô‡πÄ‡∏ó‡∏≠‡∏°‡∏±‡∏ô‡πÄ‡∏£‡∏¥‡∏™‡∏™‡∏™‡∏™‡∏™,th,[],[],[],0,0,1,[],[],https://twitter.com/_THATHAJ/status/1628598913849778177,,https://twitter.com/ppnaravit/status/1628436721779220481,0,,,,,,,,"{'user_id': None, 'username': None}",,,,
1628598864466030592,1628588195301724160,2023-02-23 10:33:21 SE Asia Standard Time,2023-02-23,10:33:21,+0700,1377464742646706176,cod0entfztyigj5,‡πÄ‡∏£‡∏µ‡∏¢‡∏Å‡πÄ‡∏£‡∏≤‡∏ß‡πà‡∏≤ ‡∏ß‡πà‡∏≤..‡πÄ‡∏ó‡∏≠‡πÜ‡∏Å‡πâ‡πÑ‡∏î‡πâ,,@Nnnnn68623226 ‡∏Å‡∏î‡∏î‡∏µ‡πÄ‡∏≠‡πâ‡∏°‡∏´‡∏≤‡πÑ‡∏°‡πà‡πÑ‡∏î‡πâ‡∏á‡πà‡∏≤‡πÄ‡∏ï‡∏á,th,['nnnnn68623226'],[],[],0,0,0,[],[],https://twitter.com/COd0EntfztYIGJ5/status/1628598864466030592,,,0,,,,,,,,"{'user_id': '1593770948175745024', 'username': 'Nnnnn68623226'}",,,,
1628598809986224129,1628598809986224129,2023-02-23 10:33:08 SE Asia Standard Time,2023-02-23,10:33:08,+0700,1001704717733580801,cholymarkk,Cholymarkk ‡∏≠‡πà‡∏≤‡∏ô‡∏≠‡∏±‡∏û‡πÄ‡∏î‡∏ï‡∏ó‡∏µ‡πà‡∏õ‡∏±‡∏Å‡∏´‡∏°‡∏∏‡∏î,,‡∏°‡∏≤‡∏£‡πå‡∏Ñ‡∏•‡∏á‡∏Ñ‡∏•‡∏¥‡∏õ‡∏¢‡∏∑‡∏ô‡πÄ‡∏•‡πà‡∏ô‡∏Å‡∏±‡∏ö‡∏™‡πÅ‡∏ï‡∏ô‡∏î‡∏µ‡πâ‡∏ï‡∏≠‡∏ô‡∏á‡∏≤‡∏ô‡πÄ‡∏ó‡∏≠‡∏°‡∏¥‡∏ô‡∏≠‡∏•5555555555 ‡πÅ‡∏•‡πâ‡∏ß‡∏Ñ‡∏∑‡∏≠‡∏ô‡∏µ‡πà‡∏ô‡∏±‡πà‡∏á‡∏´‡∏ô‡πâ‡∏≤‡∏™‡∏∏‡∏î‡πÅ‡∏•‡πâ‡∏ß‡∏°‡∏≠‡∏á‡πÑ‡∏õ‡∏´‡∏•‡∏±‡∏á‡πÄ‡∏ß‡∏ó‡∏µ‡∏ï‡∏•‡∏≠‡∏î ‡πÄ‡∏´‡πá‡∏ô‡πÅ‡∏ï‡πà‡πÄ‡∏û‡∏∑‡∏≠‡∏ô‡πÄ‡∏≠‡∏≤‡∏°‡∏∑‡∏≠‡∏ñ‡∏∑‡∏≠‡∏¢‡∏∑‡∏ô‡∏£‡∏∏‡∏°‡∏≠‡∏∞‡πÑ‡∏£‡∏™‡∏±‡∏Å‡∏≠‡∏¢‡πà‡∏≤‡∏á‡∏ï‡∏•‡∏≠‡∏î‡πÄ‡∏ß‡∏•‡∏≤‡∏≠‡∏∞ ‡∏Å‡πá‡∏Ñ‡∏∑‡∏≠‡∏õ‡∏£‡∏∞‡∏ò‡∏≤‡∏ô‡∏ã‡∏ô‡∏°‡∏≤‡∏Å ‡πÄ‡∏•‡πà‡∏ô‡πÅ‡∏°‡πà‡∏á‡∏ó‡∏∏‡∏Å‡∏Å‡∏≤‡∏£‡∏û‡∏±‡∏Å ‡πÉ‡∏´‡πâ‡∏°‡∏≤‡∏£‡πå‡∏Ñ‡∏•‡∏á‡πÑ‡∏õ‡∏û‡∏±‡∏Å = ‡πÑ‡∏õ‡πÄ‡∏•‡πà‡∏ô555555555555555,th,[],[],[],0,31,61,[],[],https://twitter.com/cholymarkk/status/1628598809986224129,,,0,,,,,,,,"{'user_id': None, 'username': None}",,,,
1628598773248294913,1628598773248294913,2023-02-23 10:33:00 SE Asia Standard Time,2023-02-23,10:33:00,+0700,3096152672,naanmono,‡πÄ‡∏ó‡∏≠‡∏Ñ‡∏∑‡∏≠‡πÑ‡∏û‡πà‡πÄ‡∏î‡∏≠‡∏∞‡∏ã‡∏±‡∏ô‚Äã ‚òÄÔ∏è,,‡∏Ñ‡∏ß‡∏≤‡∏°‡πÄ‡∏ó‡∏≠‡∏ó‡∏≥‡πÉ‡∏´‡πâ‡∏â‡∏±‡∏ô‡∏£‡∏π‡πâ‡∏™‡∏∂‡∏Å‡∏à‡∏¥‡∏ï‡πÉ‡∏à‡∏™‡∏á‡∏ö ‡∏õ‡∏• ‡∏â‡∏±‡∏ô‡∏ä‡∏≠‡∏ö‡∏°‡∏≠‡∏á‡πÄ‡∏ó‡∏≠‡∏ó‡∏µ‡πà‡∏£‡∏∞‡∏¢‡∏∞ 3x @Tawan_V https://t.co/nuXwDMnaHR,th,['tawan_v'],[],"['https://pbs.twimg.com/media/Fpnx6qLakAIasbY.jpg', 'https://pbs.twimg.com/media/Fpnx7fPaYAIxrdL.jpg', 'https://pbs.twimg.com/media/Fpnx8VUacAE8SRc.jpg']",0,0,2,[],[],https://twitter.com/naanmono/status/1628598773248294913,,,1,https://pbs.twimg.com/media/Fpnx6qLakAIasbY.jpg,,,,,,,"{'user_id': None, 'username': None}",,,,
1628598732181897216,1628598732181897216,2023-02-23 10:32:50 SE Asia Standard Time,2023-02-23,10:32:50,+0700,940171012854788096,pploysry,üíöüí´‚ú®,,‡∏°‡∏≤‡∏£‡πå‡∏Ñ‡∏°‡∏≤‡∏•‡∏á‡∏ó‡∏µ‡πà‡∏ñ‡πà‡∏≤‡∏¢‡∏Å‡∏∞‡∏™‡∏ï‡∏î‡∏ó‡∏µ‡πà‡πÄ‡∏ó‡∏≠‡∏°‡∏¥‡∏ô‡∏≠‡∏•‡∏ô‡πà‡∏≤‡∏£‡∏±‡∏Å‡∏≠‡∏∞,th,[],[],[],0,0,0,[],[],https://twitter.com/pploysry/status/1628598732181897216,,,0,,,,,,,,"{'user_id': None, 'username': None}",,,,
1628598705787117568,1628598705787117568,2023-02-23 10:32:44 SE Asia Standard Time,2023-02-23,10:32:44,+0700,1530430996906414082,snith_fa,SKYüí´,,‡πÑ‡∏°‡πà‡∏ß‡πà‡∏≤‡∏à‡∏∞‡πÄ‡∏Å‡∏¥‡∏î‡∏≠‡∏∞‡πÑ‡∏£‡∏Ç‡∏∂‡πâ‡∏ô ‡πÑ‡∏°‡πà‡∏ß‡πà‡∏≤‡∏û‡∏µ‡πà‡∏à‡∏∞‡∏´‡∏≤‡∏¢‡πÑ‡∏õ‡∏´‡∏£‡∏∑‡∏≠‡∏Å‡∏•‡∏±‡∏ö‡∏°‡∏≤ ‡πÄ‡∏Ñ‡∏¢‡∏£‡∏±‡∏Å‡∏¢‡∏±‡∏á‡πÑ‡∏á‡∏Å‡πá‡∏¢‡∏±‡∏á‡∏£‡∏±‡∏Å‡∏û‡∏µ‡πà ‡∏™‡∏≥‡∏´‡∏£‡∏±‡∏ö‡∏´‡∏ô‡∏π‡∏ï‡∏±‡πâ‡∏á‡πÅ‡∏ï‡πà‡∏°‡∏≤‡∏ï‡∏≤‡∏°‡∏û‡∏µ‡πà‡∏°‡∏±‡∏ô‡∏°‡∏µ‡πÄ‡πÄ‡∏ï‡πà‡∏Ñ‡∏ß‡∏≤‡∏°‡∏™‡∏∏‡∏Ç ‡∏£‡∏≠‡∏¢‡∏¢‡∏¥‡πâ‡∏°‡πÅ‡∏•‡∏∞‡∏ó‡∏∏‡∏Å‡∏Ñ‡∏£‡∏±‡πâ‡∏á‡∏ó‡∏µ‡πà‡πÄ‡∏®‡∏£‡πâ‡∏≤ ‡∏ó‡∏∏‡∏Å‡∏Ç‡πå ‡∏£‡∏≠‡∏¢‡∏¢‡∏¥‡πâ‡∏°‡∏û‡∏µ‡πà‡∏≠‡∏¢‡∏π‡πà‡∏Ç‡πâ‡∏≤‡∏á‡πÜ‡∏´‡∏ô‡∏π‡πÄ‡∏™‡∏°‡∏≠‡πÄ‡∏•‡∏¢ ‡πÄ‡∏ä‡∏∑‡πà‡∏≠‡∏ß‡πà‡∏≤‡∏Ñ‡∏ô‡∏ó‡∏µ‡πà‡∏≠‡∏¢‡∏π‡πà‡∏Å‡πá‡∏Ñ‡∏á‡∏°‡∏µ‡∏Ñ‡∏ô‡∏ó‡∏µ‡πà‡∏Ñ‡∏¥‡∏î‡πÅ‡∏ö‡∏ö‡∏´‡∏ô‡∏π  ‡πÄ‡∏ó‡∏Ñ‡πÅ‡∏Ñ‡∏£‡πå‡∏Ñ‡∏ô‡∏ó‡∏µ‡πà‡∏≠‡∏¢‡∏π‡πà  ‡πÅ‡∏•‡∏∞‡∏£‡∏±‡∏Å‡∏ô‡∏∞‡∏Ñ‡∏∞‡∏Ñ‡∏∏‡∏ì‡∏à‡∏±‡∏Å‡∏£üíô #2M300KforBuild #BuilJakapan,th,[],[],[],0,0,1,"['2m300kforbuild', 'builjakapan']",[],https://twitter.com/snith_fa/status/1628598705787117568,,,0,,,,,,,,"{'user_id': None, 'username': None}",,,,
1628598685788696576,1628598685788696576,2023-02-23 10:32:39 SE Asia Standard Time,2023-02-23,10:32:39,+0700,1386397459828510722,ssasii_bbb,‡πÑ‡∏°‡πà‡∏£‡∏π‡πâ‡∏à‡∏∞‡∏ä‡∏∑‡πà‡∏≠‡∏≠‡∏∞‡πÑ‡∏£‡∏î‡∏µüíô‡πÅ‡∏ï‡πà‡∏à‡∏∞‡∏£‡∏≠‡∏ö‡∏¥‡∏ß‡∏ô‡∏∞üíô,,"‡∏Å‡πá‡πÄ‡∏û‡∏£‡∏≤‡∏∞‡∏ß‡πà‡∏≤‡πÄ‡∏ó‡∏≠‡∏ô‡πà‡∏≤‡∏£‡∏±‡∏Å‡πÄ‡∏´‡∏°‡∏∑‡∏≠‡∏ô‡πÄ‡∏Ñ‡∏¢..‡πÅ‡∏•‡∏∞‡πÄ‡∏£‡∏≤‡∏Å‡πá‡∏¢‡∏±‡∏á‡∏£‡∏±‡∏Å‡πÄ‡∏ó‡∏≠‡πÄ‡∏´‡∏°‡∏∑‡∏≠‡∏ô‡πÄ‡∏î‡∏¥‡∏°üíô

KEEP GROWING WITH BUILD
#2M300KforBuild
#BuildJakapan 
@Buildbuildddd https://t.co/nnQ963d2n9",th,['buildbuildddd'],[],['https://pbs.twimg.com/media/Fpnx3zpaUAErngF.jpg'],1,13,6,"['2m300kforbuild', 'buildjakapan']",[],https://twitter.com/SSasii_bbb/status/1628598685788696576,,,1,https://pbs.twimg.com/media/Fpnx3zpaUAErngF.jpg,,,,,,,"{'user_id': None, 'username': None}",,,,
1628598635733880835,1628598635733880835,2023-02-23 10:32:27 SE Asia Standard Time,2023-02-23,10:32:27,+0700,138294214,hoonyai,‡πÄ‡∏ó‡∏£‡∏î‡πÄ‡∏î‡∏≠‡∏£‡πå‡∏ó‡πà‡∏≤‡∏ô‡∏´‡∏ô‡∏∂‡πà‡∏á,,"10.32/

‡πÄ‡∏ü‡∏Å tf5 ‡∏à‡∏∞‡∏•‡∏∏‡πâ‡∏ô‡πÄ‡∏î‡πâ‡∏á ‡πÄ‡∏Ç‡∏µ‡∏¢‡∏ß‡∏¢‡∏≤‡∏ß https://t.co/fMU4IjGcQD",th,[],[],['https://pbs.twimg.com/media/FpnxzdoaQAAQsaP.png'],0,0,0,[],[],https://twitter.com/hoonyai/status/1628598635733880835,,,1,https://pbs.twimg.com/media/FpnxzdoaQAAQsaP.png,,,,,,,"{'user_id': None, 'username': None}",,,,
1628598620986699777,1628598620986699777,2023-02-23 10:32:23 SE Asia Standard Time,2023-02-23,10:32:23,+0700,900727529866121216,summerrisseason,‡∏´‡∏°‡∏≤‡πÑ‡∏ã‡∏ô‡πà‡∏≤‡∏£‡∏±‡∏Å‡∏™‡∏∏‡∏î‡πÜ‡πÜ‡πÑ‡πÜ,,‡πÑ‡∏°‡πà‡∏≠‡∏¢‡∏≤‡∏Å‡∏ï‡∏∑‡πà‡∏ô‡∏°‡∏≤‡πÄ‡∏´‡πá‡∏ô‡πÅ‡∏ä‡∏ó‡πÄ‡∏ó‡∏≠‡∏ó‡∏µ‡πà‡∏ï‡∏≠‡∏ö‡πÅ‡∏ö‡∏ö‡∏ô‡∏µ‡πâ ‡∏£‡∏π‡πâ‡∏á‡∏µ‡πâ‡∏ô‡∏≠‡∏ô‡πÑ‡∏õ‡∏™‡∏±‡∏Å10‡∏õ‡∏µ‡∏î‡∏µ‡∏Å‡∏ß‡πà‡∏≤ ‡∏ï‡∏≠‡∏ô‡∏ô‡∏±‡πâ‡∏ô‡∏Ñ‡∏á‡πÄ‡∏à‡∏≠‡∏£‡∏±‡∏Å‡πÅ‡∏ó‡πâ‡πÉ‡∏ô‡∏ù‡∏±‡∏ô‡πÅ‡∏•‡πâ‡∏ß‡πÅ‡∏´‡∏•‡∏∞,th,[],[],[],0,0,0,[],[],https://twitter.com/summerrisseason/status/1628598620986699777,,,0,,,,,,,,"{'user_id': None, 'username': None}",,,,
1628598619002802176,1628598619002802176,2023-02-23 10:32:23 SE Asia Standard Time,2023-02-23,10:32:23,+0700,1583566300747427840,thewvthhi10,‡πÄ‡∏ó‡∏ß‡∏≤‚Äã ‡∏§‡∏ó‡∏ò‡∏¥‡πå‚Äã,,‡πÑ‡∏î‡πâ‡∏£‡∏±‡∏ö‚Äã‡πÅ‡∏•‡πâ‡∏ß‚Äã‡πÄ‡∏Ñ‡∏£‡∏î‡∏¥‡∏ï‚Äã‡∏ü‡∏£‡∏µ‚Äã50 https://t.co/sCoOtRZm5Y,th,[],[],['https://pbs.twimg.com/media/FpnxzcOagAEY9tW.jpg'],0,0,0,[],[],https://twitter.com/thewvthhi10/status/1628598619002802176,,,1,https://pbs.twimg.com/media/FpnxzcOagAEY9tW.jpg,,,,,,,"{'user_id': None, 'username': None}",,,,
1628598613176885248,1628565495137054721,2023-02-23 10:32:21 SE Asia Standard Time,2023-02-23,10:32:21,+0700,1074022045359398912,008_emii,‡πÅ‡∏ü‡∏ô‡πÄ‡∏ã‡∏¥‡πà‡∏á‡∏´‡∏¢‡∏≤‡∏áüòò‡∏õ‡∏±‡πà‡∏ô‡∏á‡∏≤‡∏ô‡∏à‡∏∏‡∏Å‡πÜ ü•π-fan account,,@enJoyHappylif10 ‡∏Ñ‡∏¥‡∏î‡πÄ‡∏´‡∏°‡∏∑‡∏≠‡∏ô‡∏Å‡∏±‡∏ô‡πÄ‡∏•‡∏¢‡∏Ñ‡πà‡∏∞ ‡πÅ‡∏ï‡πà‡πÄ‡∏Ñ‡∏•‡∏µ‡∏¢‡πÅ‡∏•‡πâ‡∏ß‡∏™‡∏£‡∏∏‡∏õ‡∏Ñ‡∏ô‡∏ó‡∏µ‡πà‡∏à‡∏∞‡πÉ‡∏´‡πâ‡∏´‡∏¢‡∏∏‡∏î‡πÄ‡∏ó‡∏£‡∏ô‡πÅ‡∏ó‡∏Å‡∏ó‡πâ‡∏≠‡∏î‡∏ß‡∏±‡∏ô‡∏ó‡∏µ‡πà24 ‡∏à‡∏ô‡∏Å‡∏ß‡πà‡∏≤‡∏à‡∏∞ 15.30 ‡πÄ‡∏Ç‡∏≤‡πÄ‡∏Ç‡πâ‡∏≤‡πÉ‡∏à‡∏ú‡∏¥‡∏î‡∏Ñ‡πà‡∏≤,th,['enjoyhappylif10'],[],[],0,0,0,[],[],https://twitter.com/008_emii/status/1628598613176885248,,,0,,,,,,,,"{'user_id': '1561001791034368001', 'username': 'enJoyHappylif10'}",,,,
1628598609599168512,1628598609599168512,2023-02-23 10:32:21 SE Asia Standard Time,2023-02-23,10:32:21,+0700,1571654224311898113,khun_npp,Khun_PP üë¨ ft.‡πÄ‡∏û‡∏∑‡πà‡∏≠‡∏ô‡∏≤‡∏¢‡πÅ‡∏Ñ‡πà‡∏´‡∏ô‡∏∂‡πà‡∏á‡πÄ‡∏î‡∏µ‡∏¢‡∏ß,,‡∏•‡∏á‡∏ó‡∏∏‡∏ô‡∏Å‡∏±‡∏ö‡∏≠‡∏™‡∏±‡∏á‡∏´‡∏≤ ‡πÄ‡∏ó‡∏≠‡πÄ‡∏Å‡πà‡∏á,th,[],[],[],0,0,0,[],[],https://twitter.com/Khun_npp/status/1628598609599168512,,,0,,,,,,,,"{'user_id': None, 'username': None}",,,,
1628598608730947585,1628598608730947585,2023-02-23 10:32:20 SE Asia Standard Time,2023-02-23,10:32:20,+0700,1522154059439886336,feng_charl,üë∏‡∏£‡∏≤‡∏ä‡∏¥‡∏ô‡∏µ ‡∏Å‡∏£‡∏∞‡∏ï‡πà‡∏≤‡∏¢üê∞,,"‡∏ü‡∏Ñ.‡∏ã‡∏∑‡πâ‡∏≠‡πÄ‡∏°‡∏°‡πÄ‡∏ö‡∏≠‡∏£‡πå‡∏ä‡∏¥‡∏õ‡πÅ‡∏ô‡πà ‡πÄ‡∏û‡∏£‡∏≤‡∏∞‡∏ô‡∏≠‡∏Å‡∏à‡∏≤‡∏Å‡∏ã‡∏µ‡∏£‡∏µ‡∏™‡πå‡∏ó‡∏µ‡πà‡∏≠‡∏¢‡∏≤‡∏Å‡∏à‡∏∞‡∏î‡∏π‡∏ã‡πâ‡∏≥‡πÜ ‡∏Å‡πá‡∏Ñ‡∏≠‡∏ô‡πÄ‡∏ó‡∏ô‡∏ï‡πå‡∏≠‡∏∑‡πà‡∏ô‡πÜ‡∏Ç‡∏≠‡∏á‡∏®‡∏¥‡∏•‡∏õ‡∏¥‡∏ô‡∏ó‡∏µ‡πà‡∏£‡∏±‡∏Å

‡∏Ñ‡∏ô‡∏ó‡∏±‡πà‡∏ß‡πÑ‡∏õ‡∏≠‡∏¢‡∏≤‡∏Å‡∏î‡∏π‡πÅ‡∏Ñ‡πà‡∏ã‡∏µ‡∏£‡∏µ‡∏™‡πåüìç ‡πÑ‡∏°‡πà‡πÑ‡∏î‡πâ‡∏≠‡∏¥‡∏ô‡∏®‡∏¥‡∏•‡∏õ‡∏¥‡∏ô ‡∏•‡∏±‡∏á‡πÄ‡∏•‡πÅ‡∏•‡πâ‡∏ß‡∏ß‡πà‡∏≤‡∏à‡∏∞‡∏à‡πà‡∏≤‡∏¢‡πÑ‡∏´‡∏°‡πÄ‡∏û‡∏£‡∏≤‡∏∞‡∏™‡∏∏‡∏î‡∏ó‡πâ‡∏≤‡∏¢‡∏ñ‡πâ‡∏≤‡∏°‡∏µ‡∏ä‡πà‡∏≠‡∏á‡∏ó‡∏≤‡∏á‡∏≠‡∏∑‡πà‡∏ô‡∏ó‡∏µ‡πà‡πÄ‡∏Ç‡∏≤‡∏î‡∏π‡πÑ‡∏î‡πâ‡∏ü‡∏£‡∏µ‡∏•‡πà‡∏∞ ‡∏Å‡πá‡∏Ñ‡∏á‡πÑ‡∏õ‡∏ó‡∏µ‡πà‡∏≠‡∏∑‡πà‡∏ô‡∏î‡∏µ‡∏Å‡∏ß‡πà‡∏≤

‡∏à‡∏∞‡∏î‡∏µ‡∏Å‡∏ß‡πà‡∏≤‡πÑ‡∏´‡∏°‡∏ñ‡πâ‡∏≤‡∏ã‡∏µ‡∏£‡∏µ‡∏™‡πå‡∏î‡∏π‡∏ü‡∏£‡∏µ ‡∏£‡∏ß‡∏°‡∏ú‡∏π‡πâ‡∏ï‡∏¥‡∏î‡∏ï‡∏≤‡∏°‡πÄ‡∏Å‡πà‡∏≤‡πÉ‡∏´‡∏°‡πà‡∏°‡∏≤‡∏ó‡∏µ‡πà GrandTV üòä",th,[],[],[],0,3,4,[],[],https://twitter.com/feng_charl/status/1628598608730947585,,,0,,,,,,,,"{'user_id': None, 'username': None}",,,,
1628598593463672832,1628598593463672832,2023-02-23 10:32:17 SE Asia Standard Time,2023-02-23,10:32:17,+0700,1459638208631689216,cherrry1986,Cherry1986,,‡∏ß‡∏±‡∏ô‡∏ô‡∏µ‡πâ‡∏à‡∏∞‡∏°‡∏≤‡∏£‡∏µ‡∏ß‡∏¥‡∏ß ‡∏´‡∏≤‡∏¢‡∏ô‡∏∞ ‡∏Ç‡∏≠‡∏á‡∏ï‡∏±‡∏ß‡πÄ‡∏≠‡∏á‡πÉ‡∏´‡πâ‡∏ü‡∏±‡∏á ‡∏î‡πâ‡∏ß‡∏¢‡∏Ñ‡∏ß‡∏≤‡∏°‡∏ó‡∏µ‡πà‡∏Ñ‡∏¥‡∏î‡∏ß‡πà‡∏≤‡∏ï‡∏±‡∏ß‡πÄ‡∏≠‡∏á‡∏°‡∏π‡∏ü‡∏≠‡∏≠‡∏ô ‡∏•‡∏∑‡∏°‡πÅ‡∏ü‡∏ô‡πÄ‡∏Å‡πà‡∏≤‡πÑ‡∏î‡πâ‡∏•‡∏∞ ‡πÅ‡∏•‡πâ‡∏ß‡∏à‡∏∞‡πÄ‡∏£‡∏¥‡πà‡∏°‡πÉ‡∏´‡∏°‡πà‡πÅ‡∏•‡πâ‡∏ß ‡πÄ‡∏•‡∏¢‡∏ô‡∏±‡πà‡∏á‡∏Å‡∏¥‡∏ô‡πÄ‡∏´‡∏•‡πâ‡∏≤ ‡πÄ‡∏´‡∏•‡πâ‡∏≤‡πÄ‡∏û‡∏µ‡∏¢‡∏ß‡πÜ‡∏ô‡∏µ‡πâ‡πÅ‡∏´‡∏•‡∏∞ ‡∏Ñ‡∏£‡∏∂‡πà‡∏á‡∏Ç‡∏ß‡∏î ‡∏£‡∏π‡πâ‡πÄ‡∏£‡∏∑‡πà‡∏≠‡∏á ‡∏Å‡∏π‡πÄ‡∏£‡∏¥‡πà‡∏°‡∏á‡∏≠‡πÅ‡∏á‡∏Å‡∏±‡∏ö‡∏Ñ‡∏ô‡∏Ñ‡∏∏‡∏¢ ‡πÇ‡∏ó‡∏£‡∏Å‡∏•‡∏±‡∏ö‡πÑ‡∏õ‡∏´‡∏≤‡πÅ‡∏ü‡∏ô‡πÄ‡∏Å‡πà‡∏≤ ‡∏ó‡∏±‡πâ‡∏á‡∏î‡πà‡∏≤ ‡∏ó‡∏±‡πâ‡∏á‡∏£‡πâ‡∏≠‡∏á‡πÑ‡∏´‡πâ‡πÉ‡∏™‡πà ‡∏ï‡∏∑‡πà‡∏ô‡∏°‡∏≤‡∏Ñ‡∏∑‡∏≠ ‡πÑ‡∏°‡πà‡πÅ‡∏Æ‡∏á‡∏Ñ‡πå‡∏ô‡∏∞ ‡πÅ‡∏ï‡πà ‡∏Ñ‡∏ô‡∏Ñ‡∏∏‡∏¢‡πÄ‡∏£‡∏¥‡πà‡∏°‡∏à‡∏∞‡πÄ‡∏ó‡∏ô‡∏µ‡πâ‡πÅ‡∏•‡πâ‡∏ß‡∏ô‡∏∞ ‡∏•‡πà‡∏≤‡∏™‡∏∏‡∏î‡∏î‡∏îüòÇ,th,[],[],[],0,0,0,[],[],https://twitter.com/Cherrry1986/status/1628598593463672832,,,0,,,,,,,,"{'user_id': None, 'username': None}",,,,
1628598564913037312,1628598564913037312,2023-02-23 10:32:10 SE Asia Standard Time,2023-02-23,10:32:10,+0700,1403319757579816961,exothteam,EXOTHTEAM (slow.),,"‡πÄ‡∏ó‡∏™‡πÜ ‡∏´‡∏≤‡∏Å‡πÅ‡∏≠‡∏î‡πÄ‡∏õ‡∏¥‡∏î‡πÇ‡∏î‡πÄ‡∏ô‡∏ó‡∏ã‡∏∑‡πâ‡∏≠‡∏ï‡∏±‡πã‡∏ß‡πÇ‡∏´‡∏ß‡∏ï‡∏°‡∏µ‡πÉ‡∏Ñ‡∏£‡∏à‡∏∞‡∏™‡∏ö‡∏ó‡∏ö‡∏ó‡∏∏‡∏ô‡∏°‡∏±‡πâ‡∏¢‡∏Ñ‡∏±‡∏ö ‡∏õ‡∏£‡∏∞‡∏°‡∏≤‡∏ì 3500 ‡∏ö‡∏≤‡∏ó ‡∏Ç‡∏≠‡∏Å‡πà‡∏≠‡∏ô 15.00 ‡∏ô. 

#VOTEforEXOTH #‡πÅ‡∏≠‡πã‡∏ß‡πÇ‡∏´‡∏ß‡∏ïTTA",th,[],[],[],1,6,0,"['voteforexoth', '‡πÅ‡∏≠‡πã‡∏ß‡πÇ‡∏´‡∏ß‡∏ïtta']",[],https://twitter.com/EXOTHTEAM/status/1628598564913037312,,,0,,,,,,,,"{'user_id': None, 'username': None}",,,,
1628598539881451521,1628598369961771008,2023-02-23 10:32:04 SE Asia Standard Time,2023-02-23,10:32:04,+0700,1100394818226638849,leucasbeluga,miinalü•¶ü¶Å,,@ffrnscr ‡∏•‡∏•‡∏∞‡∏ï‡∏±‡∏ß‡πÄ‡∏Å‡πá‡∏á‡∏õ‡∏≤‡πÄ‡∏ó‡∏î‡πÑ‡∏ó‡∏¢ ‡∏ô‡πâ‡∏≠‡∏á‡πÑ‡∏°‡πà‡∏°‡∏≤‡∏™‡∏±‡∏Å‡∏á‡∏≤‡∏ô ‡πÇ‡∏≠‡πâ‡∏¢‡∏¢‡∏¢,th,['ffrnscr'],[],[],1,0,0,[],[],https://twitter.com/LeucasBeluga/status/1628598539881451521,,,0,,,,,,,,"{'user_id': '322473641', 'username': 'ffrnscr'}",,,,
1628598538782531584,1628598538782531584,2023-02-23 10:32:04 SE Asia Standard Time,2023-02-23,10:32:04,+0700,1415256930046464003,kinozezama,‚¨ª Œ∑œÉ—Ç œÖ—è —ïŒπ‚àÇ—î–∫Œπ¬¢–∫ üèπ‡∏ä‡∏∑‡πà‡∏≠(‡∏û)‡∏£‡∏≠‡∏¢,,"‡πÄ‡∏õ‡πá‡∏ô‡∏Ñ‡∏ô‡πÑ‡∏°‡πà‡∏Å‡∏¥‡∏ô‡∏Å‡∏≤‡πÅ‡∏ü ‡πÑ‡∏°‡πà‡∏°‡∏µ‡∏Ñ‡∏ß‡∏≤‡∏°‡∏£‡∏π‡πâ‡πÄ‡∏£‡∏∑‡πà‡∏≠‡∏á‡∏Å‡∏≤‡πÅ‡∏ü ‡πÅ‡∏ï‡πà‡∏≠‡∏¢‡∏≤‡∏Å‡πÅ‡∏ï‡πà‡∏á‡∏ü‡∏¥‡∏Ñ‡∏ó‡∏µ‡πà‡∏ó‡∏¥‡∏°‡πÄ‡∏õ‡πá‡∏ô‡∏ö‡∏≤‡πÄ‡∏ó‡∏ô‡πÄ‡∏î‡∏≠‡∏£‡πå‡∏ä‡∏≠‡∏ö‡πÄ‡∏ö‡∏•‡∏ô‡∏î‡πå‡∏Å‡∏≤‡πÅ‡∏ü ‡∏à‡∏∞‡∏´‡∏≤‡∏Ñ‡∏ß‡∏≤‡∏°‡∏£‡∏π‡πâ‡∏à‡∏≤‡∏Å‡∏ó‡∏µ‡πà‡πÑ‡∏´‡∏ô‡∏î‡∏µ 5555555

‡πÉ‡∏Ñ‡∏£‡∏ä‡∏≠‡∏ö‡∏Å‡∏¥‡∏ô‡∏Å‡∏≤‡πÅ‡∏ü‡∏ä‡πà‡∏ß‡∏¢‡πÅ‡∏ô‡∏∞‡∏ô‡∏≥‡∏´‡∏ô‡πà‡∏≠‡∏¢‡πÅ‡∏á‡∏á‡∏á",th,[],[],[],0,0,0,[],[],https://twitter.com/KiNOZEZAMA/status/1628598538782531584,,,0,,,,,,,,"{'user_id': None, 'username': None}",,,,
1628598524417032192,1628598524417032192,2023-02-23 10:32:00 SE Asia Standard Time,2023-02-23,10:32:00,+0700,467435924,nxtchx97,„Ñ¥„Öä üÜîüåπ,,‡πÄ‡∏≠‡πá‡∏ô‡∏î‡∏π‡πÄ‡∏ó‡∏£‡∏ä‡πÄ‡∏ä‡∏≠‡∏£‡πå‡∏ó‡∏±‡∏ß‡∏£‡πå‡∏ç‡∏µ‡πà‡∏õ‡∏∏‡πà‡∏ô‡πÉ‡∏ô‡∏ó‡∏∂‡πÄ‡∏ß‡∏¥‡∏£‡πå‡∏•‡πÅ‡∏°‡∏û‡∏°‡∏≤‡∏Å‡πÜ‡πÄ‡∏•‡∏¢‡∏≠‡πà‡∏∞ ‡∏ô‡πà‡∏≤‡∏£‡∏±‡∏Å‡∏ó‡∏∏‡∏Å‡∏à‡∏±‡∏á‡∏´‡∏ß‡∏±‡∏î ‡∏ó‡∏∏‡∏Å‡∏ï‡∏≠‡∏ô‡πÄ‡∏•‡∏¢ ü´†ü´†ü´†,th,[],[],[],0,0,0,[],[],https://twitter.com/nxtchx97/status/1628598524417032192,,,0,,,,,,,,"{'user_id': None, 'username': None}",,,,
1628598504225669120,1628598504225669120,2023-02-23 10:31:55 SE Asia Standard Time,2023-02-23,10:31:55,+0700,1444999594706812929,nsmmsn_,‡∏≠‡∏≠‡∏°‡∏≠.,,"‡πÄ‡∏≠‡πä‡∏≤‡∏≤‡∏≤‡∏≤ ‡∏Ñ‡∏ô‡∏ô‡∏µ‡πâ‡∏Å‡πá‡πÑ‡∏°‡πà‡∏Ñ‡πà‡∏≠‡∏¢‡∏£‡∏±‡∏ö‡∏™‡∏≤‡∏¢‡πÄ‡∏û‡∏∑‡πà‡∏≠‡∏ô‡∏≠‡πà‡∏≠ ‡∏à‡∏±‡∏ö‡πÅ‡∏ï‡πà‡∏°‡∏∑‡∏≠‡πÄ‡∏ó‡∏≠ ‡πÑ‡∏°‡πà‡∏à‡∏±‡∏ö‡∏°‡∏∑‡∏≠‡∏ñ‡∏∑‡∏≠‡∏Å‡∏±‡∏ô‡∏≠‡∏µ‡∏Å‡πÅ‡∏•‡πâ‡∏ß‡∏≠‡πà‡∏≠
‡∏à‡∏≥‡∏®‡∏µ‡∏• (‡∏≠‡∏¢‡∏π‡πà‡∏ö‡πâ‡∏≤‡∏ô‡πÄ‡∏Ñ‡πâ‡∏≤) ‡πÑ‡∏•‡∏ô‡πå‡πÑ‡∏°‡πà‡∏ï‡∏≠‡∏ö ‡πÇ‡∏ó‡∏£‡∏®‡∏±‡∏û‡∏ó‡πå‡πÑ‡∏°‡πà‡∏£‡∏±‡∏ö",th,[],[],[],0,0,0,[],[],https://twitter.com/nsmmsn_/status/1628598504225669120,,,0,,,,,,,,"{'user_id': None, 'username': None}",,,,
1628598492653572097,1628598051987394561,2023-02-23 10:31:53 SE Asia Standard Time,2023-02-23,10:31:53,+0700,1441123017996734510,l0stviper,yourmuse,,@damis_araff ‡πÄ‡∏ó‡∏™‡πÄ‡∏û‡∏•‡∏á‡πÄ‡∏´‡∏°‡∏∑‡∏≠‡∏ô‡∏•‡∏≠‡∏Å‡∏Å‡∏±‡∏ô‡∏°‡∏≤,th,['damis_araff'],[],[],0,0,0,[],[],https://twitter.com/l0stviper/status/1628598492653572097,,,0,,,,,,,,"{'user_id': '759680452139425792', 'username': 'damis_araff'}",,,,
1628598473561088001,1628338140506365953,2023-02-23 10:31:48 SE Asia Standard Time,2023-02-23,10:31:48,+0700,1245563873052119040,sangatsu3rd,Miina,,@Ra_ziache ‡∏ô‡∏µ‡πà‡∏Ñ‡∏∏‡∏ì‡∏Æ‡∏±‡∏¢‡∏Å‡πá‡∏´‡∏≤‡πÅ‡∏ü‡∏ô‡πÉ‡∏´‡πâ‡∏û‡∏µ‡πà‡πÄ‡∏ß‡πà‡∏≠‡∏¢‡∏π‡πà‡∏ô‡∏∞‡∏Ñ‡∏∞ ‡∏ô‡πâ‡∏≠‡∏á‡πÄ‡∏ó‡∏ô‡∏ó‡∏≤‡πÄ‡∏Ñ‡∏¥‡∏•‡πÑ‡∏á‡∏Ñ‡∏∞ü§≠ ‡∏û‡∏£‡∏∞‡πÄ‡∏≠‡∏Å‡∏Ñ‡∏∑‡∏≠‡∏ô‡πâ‡∏≠‡∏á‡πÄ‡∏ó‡∏ô‡∏ó‡∏≤‡πÄ‡∏Ñ‡∏¥‡∏• ‡∏™‡πà‡∏ß‡∏ô‡∏Ñ‡∏∏‡∏ì‡∏Æ‡∏±‡∏¢‡∏Ñ‡∏∑‡∏≠‡∏ï‡∏±‡∏ß‡∏£‡πâ‡∏≤‡∏¢‡∏ó‡∏≥‡πÉ‡∏´‡πâ‡∏û‡∏£‡∏∞‡∏ô‡∏≤‡∏á‡∏°‡∏≤‡πÄ‡∏à‡∏≠‡∏Å‡∏±‡∏ô(?) ‡πÄ‡∏≠‡πá‡∏ô‡∏î‡∏πü§≠ ‡∏î‡∏π‡πÅ‡∏•‡∏¢‡∏±‡∏¢‡∏û‡∏µ‡πà‡∏î‡∏µ‡∏Å‡∏ß‡πà‡∏≤‡∏Ñ‡∏∏‡∏ì‡∏Æ‡∏±‡∏¢‡∏≠‡∏µ‡∏Å,th,['ra_ziache'],[],[],0,0,0,[],[],https://twitter.com/sangatsu3rd/status/1628598473561088001,,,0,,,,,,,,"{'user_id': '1043923694660157440', 'username': 'Ra_ziache'}",,,,
1628598471937892353,1628598471937892353,2023-02-23 10:31:48 SE Asia Standard Time,2023-02-23,10:31:48,+0700,1250430482824572930,phet_1986,‡∏≠‡∏±‡πà‡∏á‡∏≠‡∏±‡πä‡∏á‡∏î‡∏∑‡πà‡∏≠‡∏î‡∏∑‡πä‡∏≠ZN‡∏ï‡∏±‡∏ß‡∏ï‡∏∂‡∏á‡πÅ‡∏´‡πà‡∏á‡πÄ‡∏≠‡∏°‡∏°‡∏≤‡∏•‡∏µ‚ù§,,"‡πÑ‡∏°‡πà‡∏ï‡πâ‡∏≠‡∏á‡∏°‡∏µ‡∏≠‡∏±‡∏®‡∏ß‡πÄ‡∏ó‡∏ß‡∏≤‡∏ò‡∏¥‡∏ô‡∏ó‡∏£‡πåüëë
‡∏û‡∏¥‡∏ó‡∏±‡∏Å‡∏©‡πå‡πÄ‡∏ó‡∏ß‡∏≤üíÇ‡∏≠‡∏∞‡πÑ‡∏£‡∏≠‡∏µ‡∏Å‡πÅ‡∏•‡πâ‡∏ß  ‡∏°‡∏µ‡πÅ‡∏Ñ‡πà...
 
          ‡∏ä‡∏£‡∏±‡∏ì‚ù§‡∏Ñ‡∏ì‡∏¥‡∏ô‡∏ó‡∏£‡πå

        ""‡πÄ‡∏Ç‡πâ‡∏≤‡πÉ‡∏à‡∏ó‡∏µ‡πà‡∏û‡∏π‡∏î‡πÉ‡∏ä‡πà‡∏°‡∏±‡πâ‡∏¢""

*‡∏ö‡∏¥‡πä‡∏ß‡∏≠‡∏≤‡∏£‡∏°‡∏ì‡πå‡∏£‡∏≠‡∏ï‡∏≠‡∏ô‡πÉ‡∏´‡∏°‡πà‡∏≠‡∏±‡∏ûüíã
#‡∏Ç‡πâ‡∏≤‡∏°‡∏ü‡πâ‡∏≤‡πÄ‡∏Ñ‡∏µ‡∏¢‡∏á‡πÄ‡∏ò‡∏≠ https://t.co/kMnjC6cJhN",th,[],[],"['https://pbs.twimg.com/media/FpnxrFCaYAEn_Zs.jpg', 'https://pbs.twimg.com/media/FpnxrYgaYAMkMOu.jpg']",0,1,3,['‡∏Ç‡πâ‡∏≤‡∏°‡∏ü‡πâ‡∏≤‡πÄ‡∏Ñ‡∏µ‡∏¢‡∏á‡πÄ‡∏ò‡∏≠'],[],https://twitter.com/PHET_1986/status/1628598471937892353,,,1,https://pbs.twimg.com/media/FpnxrFCaYAEn_Zs.jpg,,,,,,,"{'user_id': None, 'username': None}",,,,
1628598458587443200,1628598458587443200,2023-02-23 10:31:45 SE Asia Standard Time,2023-02-23,10:31:45,+0700,995353287040815104,bygjisme,gjüëæüíï‡∏™‡∏±‡πà‡∏á‡∏ó‡∏≤‡∏ádm‡πÑ‡∏î‡πâ‡πÄ‡∏•‡∏¢‡∏Ñ‡πà‡∏≤‡∏≤‚ú®,,"‡∏û‡∏£‡πâ‡∏≠‡∏°‡∏™‡πà‡∏á ‡πÅ‡∏ü‡πâ‡∏°‡πÄ‡∏ó‡∏£‡∏î‡∏î‡∏¥‡πâ‡∏á‡∏Å‡∏≤‡∏£‡πå‡∏î HARE ‡∏Ç‡∏≠‡∏á‡πÉ‡∏´‡∏°‡πà ‡πÑ‡∏°‡πà‡πÅ‡∏Å‡∏∞
üéÄ1,450 ‡∏ö‡∏≤‡∏ó
üì¶‡∏™‡πà‡∏á‡∏ü‡∏£‡∏µems
üíå‡∏™‡∏±‡πà‡∏á‡∏ó‡∏≤‡∏ádm
üçÄ‡πÑ‡∏°‡πà‡∏£‡∏±‡∏ö‡∏à‡∏≠‡∏á‡∏Ñ‡πà‡∏∞
‚ú®‡∏Ç‡πâ‡∏≤‡∏á‡πÉ‡∏ô‡∏°‡∏µ‡πÑ‡∏™‡πâ‡πÅ‡∏ü‡πâ‡∏°‡∏Ç‡∏ô‡∏≤‡∏î9‡∏ä‡πà‡∏≠‡∏á ‡πÄ‡∏ï‡∏¥‡∏°‡πÑ‡∏™‡πâ‡πÅ‡∏ü‡πâ‡∏°‡πÄ‡∏≠‡∏á‡πÑ‡∏î‡πâ ‡πÅ‡∏ü‡πâ‡∏°‡πÉ‡∏´‡∏ç‡πà‡∏Å‡∏ß‡πà‡∏≤A4‡πÄ‡∏•‡πá‡∏Å‡∏ô‡πâ‡∏≠‡∏¢
‚ú®‡∏Ç‡πâ‡∏≤‡∏á‡πÉ‡∏ô‡∏°‡∏µ‡∏ó‡∏î‡∏Å.‡πÉ‡∏ö‡∏ó‡∏µ‡πà144(‡πÑ‡∏°‡πà‡∏°‡∏µ‡∏™‡∏∏‡πà‡∏°‡πÉ‡∏ô‡∏ã‡∏≠‡∏á‡∏ó‡∏î‡∏Å)
#‡∏ï‡∏•‡∏≤‡∏î‡∏ô‡∏±‡∏î‡∏™‡∏ß‡∏ô‡πÅ‡∏Ñ‡∏£‡∏≠‡∏ó
#‡∏ï‡∏•‡∏≤‡∏î‡∏ô‡∏±‡∏îseventeen https://t.co/ODvyoaAPYo",th,[],[],"['https://pbs.twimg.com/media/FpnxqRgaEAE52x6.jpg', 'https://pbs.twimg.com/media/FpnxqrWakAEXpF1.jpg']",0,0,0,"['‡∏ï‡∏•‡∏≤‡∏î‡∏ô‡∏±‡∏î‡∏™‡∏ß‡∏ô‡πÅ‡∏Ñ‡∏£‡∏≠‡∏ó', '‡∏ï‡∏•‡∏≤‡∏î‡∏ô‡∏±‡∏îseventeen']",[],https://twitter.com/bygjisme/status/1628598458587443200,,,1,https://pbs.twimg.com/media/FpnxqRgaEAE52x6.jpg,,,,,,,"{'user_id': None, 'username': None}",,,,
1628598413079252994,1628598413079252994,2023-02-23 10:31:34 SE Asia Standard Time,2023-02-23,10:31:34,+0700,773794640575291392,nielongppp,üåπKang pu AY-YO üåπüê∞üêØüçëüê±üê∂,,‡∏õ‡∏≤‡πÄ‡∏ó‡∏î‡∏à‡πâ‡∏≤,th,[],[],[],0,0,0,[],[],https://twitter.com/Nielongppp/status/1628598413079252994,,https://twitter.com/nielongppp/status/1628598363762626560,0,,,,,,,,"{'user_id': None, 'username': None}",,,,
1628598356259012608,1628598356259012608,2023-02-23 10:31:20 SE Asia Standard Time,2023-02-23,10:31:20,+0700,1258007491922677760,french_story_,üçü‡∏ü‡∏ü üéÑ‚ùÑÔ∏è ùêèùêëùêÄùêÉùêÄ,,Harpersbazaarsg ‡πÄ‡∏Ñ‡πâ‡∏≤‡∏Ñ‡∏≠‡∏ô‡πÄ‡∏ó‡∏ô‡πÉ‡∏´‡πâ‡∏ß‡∏¥‡∏ô‡πÄ‡∏°‡πÄ‡∏¢‡∏≠‡∏∞‡∏ô‡∏∞,th,[],[],[],0,1,0,[],[],https://twitter.com/french_story_/status/1628598356259012608,,,0,,,,,,,,"{'user_id': None, 'username': None}",,,,
1628598332619902977,1628598332619902977,2023-02-23 10:31:15 SE Asia Standard Time,2023-02-23,10:31:15,+0700,1556539621366206465,rainys_day,‡πÄ‡∏ó‡∏ô‡πÇ‡∏ä‡∏≠‡∏¥‡∏ô‡∏û‡∏µ‡πÅ‡∏ö‡∏ö 300%,,‡πÅ‡∏≠‡∏Ñ‡πÄ‡∏£‡∏ô‡∏ô‡∏µ‡πà‡∏¢‡∏≠‡∏î‡∏ü‡∏≠‡∏•‡πÅ‡∏ï‡∏∞‡∏´‡∏•‡∏±‡∏Å‡∏£‡πâ‡∏≠‡∏¢‡∏Å‡∏±‡∏ö‡πÄ‡∏Ç‡∏≤‡πÅ‡∏•‡πâ‡∏ß‡∏Ñ‡πà‡∏∞‡∏ó‡∏∏‡∏Å‡∏Ñ‡∏ôüò≠üò≠üò≠üò≠ ‡∏´‡∏á‡∏∏‡∏á‡∏´‡∏á‡∏¥‡∏á‡∏á,th,[],[],[],0,0,0,[],[],https://twitter.com/Rainys_Day/status/1628598332619902977,,,0,,,,,,,,"{'user_id': None, 'username': None}",,,,
1628598311023448066,1628395705529401344,2023-02-23 10:31:09 SE Asia Standard Time,2023-02-23,10:31:09,+0700,14347773,chansirip,Chansiri Meelaodee,,@dog_overload ‡∏™‡∏°‡∏±‡∏¢‡∏ô‡∏π‡πâ‡∏ô‡∏ô‡∏ô‡∏ô ‡πÄ‡∏Ñ‡∏¢‡∏™‡∏á‡∏™‡∏±‡∏¢‡∏ß‡πà‡∏≤‡∏ó‡∏≥‡πÑ‡∏°‡∏¢‡∏µ‡πà‡∏´‡πâ‡∏≠‡∏£‡∏≤‡∏Ñ‡∏≤‡∏£‡∏∏‡∏ô‡πÅ‡∏£‡∏á ‡∏ï‡∏≠‡∏ô‡πÄ‡∏ó‡πÉ‡∏´‡πâ‡∏´‡∏°‡∏≤‡∏ó‡∏µ‡πà‡∏ö‡πâ‡∏≤‡∏ô‡∏Å‡πá‡∏ä‡∏¥‡∏°‡∏î‡∏π ‡∏Å‡πá‡∏≠‡∏£‡πà‡∏≠‡∏¢‡∏î‡∏µ‡∏ô‡∏∞‡∏Ñ‡∏£‡∏±‡∏ö lol https://t.co/FzO0yh72h1,th,['dog_overload'],[],['https://pbs.twimg.com/media/Fpnxgz5aIAEG4Ys.jpg'],0,0,0,[],[],https://twitter.com/chansirip/status/1628598311023448066,,,1,https://pbs.twimg.com/media/Fpnxgz5aIAEG4Ys.jpg,,,,,,,"{'user_id': '100918753', 'username': 'dog_overload'}",,,,
1628598292904026114,1628578441313525761,2023-02-23 10:31:05 SE Asia Standard Time,2023-02-23,10:31:05,+0700,207464197,grenjer,YJF‚Ä¢gujung „Ç∑,,@MamotonoYJ2606 ü•≤üòÇüòÇüòÇ ‡∏™‡∏≤‡∏ó‡∏∏‡πÄ‡∏•‡∏¢‡∏¢‡∏¢ ‡πÄ‡∏ó‡∏≠‡∏ï‡πâ‡∏≠‡∏á‡∏à‡∏±‡∏ö‡∏Ñ‡∏π‡πà‡πÄ‡∏Å‡∏∑‡πâ‡∏≠‡∏´‡∏ô‡∏∏‡∏ô‡∏Å‡∏±‡∏ö‡∏ä‡∏±‡πâ‡∏ô‡∏à‡∏£‡∏¥‡∏á‡∏à‡∏±‡∏á‡∏•‡∏∞ ‡∏°‡∏≤‡πÅ‡∏ô‡πà!,th,['mamotonoyj2606'],[],[],1,0,0,[],[],https://twitter.com/grenjer/status/1628598292904026114,,,0,,,,,,,,"{'user_id': '206225670', 'username': 'MamotonoYJ2606'}",,,,
1628598280002363394,1628592710230900737,2023-02-23 10:31:02 SE Asia Standard Time,2023-02-23,10:31:02,+0700,925649909012881408,ninew_tara,‚ìÄùïÄùïÑ ‰∏Öùî∏‚Ñùùî∏ ‡∏£‡∏±‡∏Å‡∏ô‡∏∞‡πÄ‡∏ó‡∏£‡πÄ‡∏ä‡∏≠‡∏£‡πå,,@Smilee_46 ‚úÖ‡∏≠‡∏≤‡∏ã‡∏≤‡∏Æ‡∏¥,th,['smilee_46'],[],[],0,0,0,[],[],https://twitter.com/ninew_tara/status/1628598280002363394,,,0,,,,,,,,"{'user_id': '1350464899030294529', 'username': 'Smilee_46'}",,,,
